Customer_ID,Customer_Name,Gender,Age,City,State,Country,Segment
1,William Davis,Female,60,Los Angeles,CA,USA,Home Office
2,Jane Rodriguez,Female,55,San Jose,ca,USA,Consumer
3,Emily Williams,Male,53,San Antonio,TX,USA,Home Office
4,James Williams,Male,37,Dallas,TX,USA,Consumer
5,Michael Davis,Female,46,philadelphia,PA,USA,Corporate
6,Jane Brown,Female,50,Houston,TX,USA,Consumer
7,Emily Jones,Male,25,Philadelphia,pa,USA,Consumer
8,Robert Garcia,Female,60,,PA,USA,Home Office
9,John Smith,Female,51,Phoenix,AZ,USA,Corporate
10,William Martinez,Male,63,San Antonio,TX,USA,Consumer
11,John Smith,Female,56,Houston,TX,USA,Consumer
12,John Martinez,Female,20,Los Angeles,CA,USA,Consumer
13,Emily Williams,Male,54,  Phoenix  ,AZ,USA,Consumer
14,Jane Rodriguez,Female,44,Los Angeles, CA ,USA,Consumer
15,John Williams,Male,65,Los Angeles,CA,USA,Corporate
16,Robert Miller,Female,22,Dallas,TX,USA,Consumer
17,Robert Jones,Male,42,  Phoenix  ,AZ,USA,Consumer
18,Olivia Williams,Male,20,San Jose,CA,USA,Consumer
19,William Garcia,Female,50,San Diego, CA ,USA,Consumer
20,Michael Johnson,Female,36,Phoenix,AZ,USA,Home Office
21,Ava Martinez,Female,56,Los Angeles,CA,USA,Consumer
22,Robert Davis,Female,19,Chicago,il,USA,Consumer
23,Michael Brown,Male,31,Phoenix,AZ,USA,Consumer
24,John Williams,Female,68,Houston,TX,USA,Consumer
25,Ava Brown,Female,50,Los Angeles,CA,USA,Consumer
26,James Smith,Female,31,san jose,CA,USA,Home Office
27,Ava Davis,Female,69,San Jose, CA ,USA,Corporate
28,Olivia Smith,Female,62,San Antonio,TX,USA,Consumer
29,Olivia Johnson,Male,26,Philadelphia,PA,USA,Consumer
30,Michael Smith,Male,49,,,USA,Consumer
31,William Williams,Male,27,San Antonio,,USA,Consumer
32,Emily Brown,Male,60,San Jose,CA,USA,Consumer
33,Sophia Williams,Male,26,Los Angeles,ca,USA,Home Office
34,William Smith,Male,44,San Antonio,TX,USA,Consumer
35,Michael Miller,Male,49,San Antonio,TX,USA,Home Office
36,Olivia Martinez,Female,25,San Antonio,TX,USA,Consumer
37,Emily Johnson,Female,29,Philadelphia,PA,USA,Corporate
38,Jane Brown,Female,21,New York,NY,USA,Home Office
39,Emily Miller,Male,69,San Diego,CA,USA,Corporate
40,Jane Miller,Other,31,chicago,,USA,Consumer
41,Olivia Smith,Female,34,San Diego,CA,USA,Consumer
42,Emily Smith,Male,30,Chicago,IL,USA,Corporate
43,Jane Miller,Male,45,, CA ,USA,Consumer
44,Olivia Davis,Male,24,Dallas,TX,USA,Home Office
45,Robert Jones,Female,68,San Diego, CA ,USA,Corporate
46,Sophia Garcia,Male,20,San Diego,CA,USA,Consumer
47,James Williams,Female,39,San Antonio,TX,USA,Consumer
48,Jane Brown,Male,43,,CA,USA,Corporate
49,William Rodriguez,Female,63,Houston,tx,USA,Consumer
50,Ava Johnson,Male,42,San Jose,CA,USA,Consumer
51,James Rodriguez,Male,48,Dallas,TX,USA,Consumer
52,Jane Williams,Female,21,San Jose, CA ,USA,Corporate
53,John Williams,Female,29,Philadelphia,PA,USA,Consumer
54,Michael Johnson,Female,48,Chicago,il,USA,Consumer
55,Sophia Martinez,Female,24,  Los Angeles  ,CA,USA,Home Office
56,Ava Williams,Male,21,  Los Angeles  ,CA,USA,Consumer
57,Ava Brown,Female,68,San Diego,CA,USA,Consumer
58,Robert Smith,Female,66,Phoenix,AZ,USA,Consumer
59,Michael Rodriguez,Male,23,Phoenix,AZ,USA,Consumer
60,Ava Johnson,Male,23,New York, NY ,USA,Consumer
61,James Jones,Male,23,New York, NY ,USA,Consumer
62,John Garcia,Male,66,Dallas,TX,USA,Home Office
63,Michael Brown,Female,59,New York,NY,USA,Corporate
64,Jane Jones,Male,68,Philadelphia,PA,USA,Consumer
65,Robert Martinez,Male,63,Houston,TX,USA,Consumer
66,John Johnson,Female,38,  New York  ,NY,USA,Consumer
67,John Brown,Female,53,Philadelphia,PA,USA,Consumer
68,John Brown,Male,67,San Jose,CA,USA,Consumer
69,Robert Johnson,Female,21,Philadelphia,PA,USA,Consumer
70,Sophia Brown,Female,62,Los Angeles,CA,USA,Consumer
71,John Rodriguez,Female,62,San Jose,CA,USA,Corporate
72,William Brown,Female,53,San Diego,CA,USA,Consumer
73,Ava Miller,Male,61,Phoenix,az,USA,Consumer
74,Jane Jones,Female,24,Phoenix,AZ,USA,Consumer
75,William Martinez,Male,53,Houston,TX,USA,Consumer
76,James Davis,Female,52,dallas,tx,USA,Corporate
77,Emily Smith,Female,31,Philadelphia,PA,USA,Corporate
78,Emily Jones,Female,30,Dallas,TX,USA,Corporate
79,Ava Johnson,Male,58,Philadelphia,PA,USA,Consumer
80,William Martinez,Male,62,Chicago,IL,USA,Consumer
81,Ava Jones,Female,53,  New York  ,,USA,Consumer
82,Robert Miller,Male,23,Philadelphia,PA,USA,Consumer
83,Jane Williams,Female,47,Houston,TX,USA,Consumer
84,James Smith,Female,35,Philadelphia,PA,USA,Consumer
85,Sophia Martinez,Female,64,Dallas,TX,USA,Consumer
86,Ava Brown,Female,38,Houston,TX,USA,Consumer
87,William Brown,Other,35,, CA ,USA,Home Office
88,Michael Garcia,Female,45,Phoenix,AZ,USA,Corporate
89,Ava Miller,Male,38,Phoenix,AZ,USA,Home Office
90,Olivia Brown,Female,47,houston,TX,USA,Corporate
91,Jane Davis,Male,64,Philadelphia,PA,USA,Home Office
92,Olivia Williams,Male,36,  Dallas  ,TX,USA,Corporate
93,Ava Martinez,Male,60,Los Angeles,CA,USA,Consumer
94,Jane Martinez,Male,66,Chicago,IL,USA,Consumer
95,Jane Martinez,Female,50,Los Angeles,CA,USA,Corporate
96,Olivia Miller,Female,24,New York,,USA,Consumer
97,William Miller,Male,32,San Antonio,TX,USA,Consumer
98,William Garcia,Male,19,Los Angeles,CA,USA,Consumer
99,Michael Miller,Female,64,Philadelphia,PA,USA,Consumer
100,John Miller,Male,59,Phoenix, AZ ,USA,Consumer
101,Michael Williams,Female,52,Dallas,TX,USA,Home Office
102,Michael Garcia,Male,64,Houston,TX,USA,Consumer
103,Sophia Brown,Female,58,San Diego,CA,USA,Home Office
104,William Davis,Male,44,San Diego,CA,USA,Consumer
105,Sophia Miller,Male,65,San Jose,CA,USA,Corporate
106,Robert Davis,Female,36,,IL,USA,Consumer
107,Ava Garcia,Female,28,Chicago,IL,USA,Consumer
108,Olivia Martinez,Male,28,,az,USA,Consumer
109,Jane Rodriguez,Female,39,San Diego,CA,USA,Consumer
110,William Martinez,Male,20,San Jose,CA,USA,Home Office
111,Jane Garcia,Male,59,Phoenix,AZ,USA,Home Office
112,Robert Martinez,Male,23,Philadelphia,PA,USA,Consumer
113,Jane Johnson,Male,21,San Diego,,USA,Home Office
114,William Miller,Male,54,San Diego,CA,USA,Consumer
115,Robert Johnson,Male,40,San Jose,CA,USA,Consumer
116,Sophia Miller,Male,69,San Jose,,USA,Consumer
117,Sophia Jones,Female,46,San Diego,CA,USA,Home Office
118,Michael Brown,Male,46,Dallas,TX,USA,Consumer
119,William Garcia,Female,21,San Antonio,,USA,Corporate
120,Robert Davis,Female,55,,,USA,Corporate
121,Ava Davis,Male,31,Dallas,,USA,Consumer
122,Robert Davis,Female,53,Houston,TX,USA,Consumer
123,James Smith,Female,47,Chicago,IL,USA,Consumer
124,William Johnson,Male,44,San Antonio,TX,USA,Consumer
125,John Smith,Male,60,Los Angeles,CA,USA,Consumer
126,William Jones,Other,27,San Jose,CA,USA,Consumer
127,Olivia Davis,Male,23,Phoenix,AZ,USA,Consumer
128,John Martinez,Female,44,Houston,TX,USA,Consumer
129,Ava Johnson,Female,67,Chicago,IL,USA,Consumer
130,Ava Jones,Male,59,Chicago,IL,USA,Home Office
131,Ava Martinez,Male,44,Phoenix,AZ,USA,Consumer
132,Ava Williams,Female,36,Phoenix,AZ,USA,Consumer
133,James Davis,Male,25,Los Angeles,CA,USA,Home Office
134,Robert Miller,Female,43,San Diego,ca,USA,Consumer
135,James Johnson,Female,21,  Chicago  ,IL,USA,Consumer
136,Michael Johnson,Male,61,Los Angeles,CA,USA,Corporate
137,John Davis,Female,55,New York,NY,USA,Consumer
138,Ava Garcia,Female,42,Dallas,TX,USA,Corporate
139,James Martinez,Female,37,,TX,USA,Consumer
140,Ava Smith,Male,22,Dallas,TX,USA,Consumer
141,John Miller,Female,22,San Diego,CA,USA,Corporate
142,James Williams,Female,32,Dallas,TX,USA,Consumer
143,Olivia Miller,Male,47,Chicago,IL,USA,Consumer
144,Emily Jones,Male,26,Phoenix, AZ ,USA,Consumer
145,William Miller,Female,30,Dallas,tx,USA,Consumer
146,Olivia Miller,Female,23,Philadelphia,PA,USA,Consumer
147,James Garcia,Male,66,Philadelphia,PA,USA,Home Office
148,Emily Smith,Male,36,Chicago,IL,USA,Corporate
149,Jane Johnson,Female,40,Chicago,IL,USA,Consumer
150,John Jones,Male,34,Dallas,TX,USA,Consumer
151,Sophia Martinez,Female,30,San Jose,,USA,Corporate
152,William Rodriguez,Female,42,Philadelphia,pa,USA,Consumer
153,Emily Garcia,Female,61,Chicago,IL,USA,Consumer
154,Emily Williams,Male,46,,TX,USA,Home Office
155,Emily Garcia,Male,23,los angeles,ca,USA,Consumer
156,James Garcia,Male,48,San Antonio,TX,USA,Consumer
157,William Rodriguez,Male,29,San Jose,CA,USA,Corporate
158,Michael Williams,Male,21,Phoenix,AZ,USA,Consumer
159,Ava Smith,Female,26,New York,NY,USA,Consumer
160,James Brown,Female,66,Los Angeles,CA,USA,Consumer
161,Sophia Brown,Female,51,philadelphia,PA,USA,Home Office
162,William Miller,Other,31,Philadelphia,PA,USA,Consumer
163,Michael Martinez,Male,18,New York,ny,USA,Consumer
164,Ava Smith,Female,43,San Jose,CA,USA,Consumer
165,Olivia Smith,Female,69,San Antonio,TX,USA,Consumer
166,William Miller,Female,52,  Philadelphia  ,PA,USA,Consumer
167,Ava Rodriguez,Male,65,San Jose,CA,USA,Consumer
168,Robert Garcia,Female,45,new york,NY,USA,Consumer
169,Ava Jones,Male,63,San Jose, CA ,USA,Consumer
170,Olivia Johnson,Male,19,New York,,USA,Consumer
171,William Rodriguez,Male,60,los angeles,ca,USA,Consumer
172,Michael Garcia,Female,60,Philadelphia,PA,USA,Consumer
173,Robert Martinez,Other,34,san jose,CA,USA,Consumer
174,John Davis,Female,27,New York, NY ,USA,Home Office
175,Sophia Miller,Male,27,Chicago,IL,USA,Consumer
176,Sophia Smith,Female,41,Chicago,IL,USA,Consumer
177,Robert Jones,Male,59,Phoenix,AZ,USA,Consumer
178,Jane Martinez,Female,53,Los Angeles,ca,USA,Home Office
179,William Williams,Female,41,  San Jose  ,ca,USA,Consumer
180,Jane Davis,Female,43,Phoenix,AZ,USA,Consumer
181,Robert Martinez,Female,45,Phoenix,AZ,USA,Home Office
182,Robert Rodriguez,Female,37,  Houston  ,TX,USA,Corporate
183,Sophia Johnson,Female,33,,,USA,Consumer
184,William Williams,Female,40,Los Angeles, CA ,USA,Consumer
185,Michael Davis,Male,28,,AZ,USA,Home Office
186,John Garcia,Female,37,  San Diego  ,CA,USA,Corporate
187,James Smith,Female,52,New York,NY,USA,Home Office
188,Michael Rodriguez,Female,38,,tx,USA,Consumer
189,John Smith,Male,36,New York,NY,USA,Corporate
190,Jane Rodriguez,Male,42,New York,NY,USA,Consumer
191,Ava Smith,Male,35,San Antonio,TX,USA,Consumer
192,John Garcia,Female,31,new york, NY ,USA,Consumer
193,Sophia Johnson,Male,40,Philadelphia,PA,USA,Corporate
194,James Johnson,Male,49,San Jose,CA,USA,Consumer
195,Ava Brown,Female,28,  Houston  ,TX,USA,Corporate
196,Ava Jones,Female,34,New York,NY,USA,Consumer
197,Michael Johnson,Male,63,Houston,TX,USA,Consumer
198,Robert Smith,Female,64,Phoenix,AZ,USA,Home Office
199,Michael Davis,Female,52,New York,NY,USA,Home Office
200,James Johnson,Male,26,Los Angeles,CA,USA,Consumer
201,John Jones,Male,68,  Philadelphia  ,PA,USA,Consumer
202,Emily Brown,Male,62,New York,NY,USA,Corporate
203,James Davis,Female,19,Philadelphia,,USA,Home Office
204,James Jones,Female,27,San Antonio,TX,USA,Home Office
205,John Rodriguez,Female,63,chicago,IL,USA,Consumer
206,Sophia Brown,Male,65,San Antonio,TX,USA,Consumer
207,Michael Garcia,Female,20,San Antonio,TX,USA,Consumer
208,Sophia Jones,Female,38,chicago,IL,USA,Consumer
209,Robert Rodriguez,Female,58,San Diego,CA,USA,Home Office
210,James Johnson,Female,31,  Los Angeles  ,CA,USA,Corporate
211,Emily Martinez,Male,50,Philadelphia,PA,USA,Corporate
212,Michael Miller,Female,57,san antonio,TX,USA,Home Office
213,Emily Williams,Male,45,San Jose, CA ,USA,Corporate
214,John Johnson,Male,32,San Diego,CA,USA,Consumer
215,Sophia Johnson,Male,61,San Antonio,TX,USA,Consumer
216,John Garcia,Male,24,chicago,IL,USA,Corporate
217,Robert Johnson,Female,47,San Diego,CA,USA,Consumer
218,Robert Miller,Other,27,Los Angeles,,USA,Consumer
219,Jane Brown,Male,37,New York,NY,USA,Corporate
220,Olivia Williams,Male,49,San Diego,CA,USA,Consumer
221,Robert Brown,Female,21,Los Angeles,CA,USA,Consumer
222,Emily Rodriguez,Male,50,houston,TX,USA,Consumer
223,Ava Davis,Male,62,San Jose,CA,USA,Corporate
224,William Smith,Female,22,,CA,USA,Consumer
225,Olivia Rodriguez,Male,42,San Diego,CA,USA,Consumer
226,James Davis,Male,57,,TX,USA,Consumer
227,James Rodriguez,Female,44,,CA,USA,Consumer
228,Jane Smith,Female,67,,IL,USA,Consumer
229,Olivia Williams,Male,47,Philadelphia,PA,USA,Consumer
230,Sophia Williams,Male,44,San Jose, CA ,USA,Consumer
231,Robert Garcia,Female,52,San Jose,CA,USA,Consumer
232,Olivia Johnson,Female,66,Houston,,USA,Consumer
233,Emily Garcia,Male,45,San Diego,CA,USA,Consumer
234,Jane Jones,Other,69,Philadelphia,,USA,Consumer
235,Michael Johnson,Female,48,Chicago,IL,USA,Consumer
236,Jane Jones,Female,63,Dallas,TX,USA,Consumer
237,James Johnson,Female,63,san antonio,TX,USA,Consumer
238,Sophia Miller,Male,52,phoenix,AZ,USA,Consumer
239,James Brown,Male,23,Phoenix, AZ ,USA,Corporate
240,Olivia Jones,Female,40,,,USA,Consumer
241,Emily Rodriguez,Female,29,Phoenix,AZ,USA,Consumer
242,Sophia Brown,Male,68,Dallas,TX,USA,Home Office
243,William Smith,Female,35,Chicago,IL,USA,Corporate
244,John Garcia,Female,64,Houston,TX,USA,Consumer
245,Olivia Brown,Male,67,Philadelphia,PA,USA,Consumer
246,Ava Jones,Female,32,New York,NY,USA,Home Office
247,Olivia Jones,Female,39,,TX,USA,Consumer
248,Olivia Johnson,Female,35,Chicago,IL,USA,Consumer
249,Ava Johnson,Male,54,San Diego,CA,USA,Home Office
250,Ava Garcia,Male,21,Phoenix,AZ,USA,Consumer
251,John Martinez,Other,48,Houston,TX,USA,Consumer
252,Olivia Davis,Male,46,Dallas,tx,USA,Consumer
253,Olivia Jones,Male,61,Chicago,IL,USA,Consumer
254,Sophia Garcia,Female,59,  Houston  ,,USA,Consumer
255,Sophia Martinez,Male,26,  Philadelphia  ,PA,USA,Consumer
256,Sophia Smith,Female,57,San Jose,CA,USA,Consumer
257,Robert Davis,Male,56,Dallas, TX ,USA,Home Office
258,John Brown,Female,26,Chicago,IL,USA,Consumer
259,William Rodriguez,Male,47,new york,ny,USA,Consumer
260,Michael Brown,Female,51,Chicago,IL,USA,Home Office
261,Jane Rodriguez,Male,69,San Antonio,TX,USA,Consumer
262,Michael Johnson,Female,40,houston,TX,USA,Consumer
263,Sophia Jones,Male,41,Philadelphia,PA,USA,Home Office
264,Emily Williams,Male,32,San Jose, CA ,USA,Consumer
265,William Brown,Female,60,Houston,TX,USA,Consumer
266,Olivia Rodriguez,Female,50,Los Angeles,CA,USA,Home Office
267,Sophia Jones,Male,22,Phoenix,AZ,USA,Consumer
268,Ava Brown,Male,53,San Antonio,TX,USA,Corporate
269,Jane Smith,Female,47,,TX,USA,Consumer
270,Robert Martinez,Female,34,San Antonio,tx,USA,Consumer
271,Olivia Martinez,Male,69,Chicago, IL ,USA,Consumer
272,Jane Martinez,Male,22,San Jose,CA,USA,Corporate
273,James Smith,Female,60,phoenix,,USA,Consumer
274,Jane Davis,Female,46,Houston,TX,USA,Consumer
275,Robert Brown,Male,54,San Diego,CA,USA,Consumer
276,Sophia Jones,Female,44,Dallas,TX,USA,Corporate
277,Olivia Brown,Female,37,San Diego, CA ,USA,Consumer
278,Emily Johnson,Female,57,,TX,USA,Consumer
279,John Davis,Female,49,phoenix,az,USA,Consumer
280,Sophia Martinez,Male,21,Los Angeles,CA,USA,Consumer
281,Michael Smith,Male,58,,TX,USA,Corporate
282,Sophia Jones,Female,59,San Antonio,TX,USA,Consumer
283,John Smith,Other,58,Dallas,TX,USA,Consumer
284,William Rodriguez,Female,29,Chicago,il,USA,Corporate
285,Robert Brown,Female,19,Los Angeles,CA,USA,Consumer
286,William Garcia,Male,62,Los Angeles,CA,USA,Corporate
287,Olivia Miller,Female,55,,CA,USA,Consumer
288,Olivia Martinez,Female,54,,IL,USA,Consumer
289,Jane Williams,Female,63,Chicago,IL,USA,Consumer
290,James Miller,Male,24,Phoenix,AZ,USA,Home Office
291,Olivia Rodriguez,Female,58,Los Angeles,CA,USA,Consumer
292,Olivia Garcia,Male,36,Dallas,TX,USA,Home Office
293,Michael Davis,Male,63,San Jose, CA ,USA,Consumer
294,Olivia Garcia,Female,65,Chicago,,USA,Consumer
295,Robert Johnson,Male,38,New York,NY,USA,Home Office
296,Robert Johnson,Male,30,Dallas,,USA,Corporate
297,Sophia Martinez,Male,32,San Antonio,TX,USA,Consumer
298,Emily Rodriguez,Female,66,  Philadelphia  ,PA,USA,Home Office
299,Jane Smith,Female,46,Chicago,IL,USA,Corporate
300,John Smith,Female,45,Houston,TX,USA,Home Office
301,Emily Williams,Male,50,chicago,IL,USA,Consumer
302,Emily Williams,Female,38,Dallas,tx,USA,Consumer
303,Michael Johnson,Female,69,, CA ,USA,Corporate
304,Jane Johnson,Male,41,Los Angeles, CA ,USA,Home Office
305,Robert Williams,Male,24,San Jose,CA,USA,Consumer
306,William Davis,Female,64,  Houston  ,TX,USA,Home Office
307,Sophia Williams,Female,61,San Jose,CA,USA,Corporate
308,Olivia Williams,Male,52,,AZ,USA,Consumer
309,John Davis,Female,45,Phoenix,az,USA,Corporate
310,Robert Garcia,Female,54,,ca,USA,Consumer
311,Michael Rodriguez,Male,48,Dallas,TX,USA,Consumer
312,Jane Martinez,Female,53,San Antonio,TX,USA,Consumer
313,Emily Martinez,Male,42,Philadelphia,PA,USA,Corporate
314,Jane Rodriguez,Female,53,  Philadelphia  ,PA,USA,Corporate
315,Robert Davis,Other,64,Los Angeles,,USA,Corporate
316,Ava Garcia,Male,40,San Antonio,TX,USA,Consumer
317,Olivia Davis,Female,62,Phoenix,AZ,USA,Consumer
318,Jane Rodriguez,Female,48,Phoenix,AZ,USA,Home Office
319,James Miller,Female,20,los angeles,ca,USA,Consumer
320,James Martinez,Male,63,Chicago,IL,USA,Consumer
321,Jane Rodriguez,Male,31,  San Jose  ,CA,USA,Consumer
322,William Williams,Male,50,Dallas,TX,USA,Corporate
323,Ava Martinez,Female,49,,ca,USA,Corporate
324,Sophia Martinez,Male,47,Chicago,,USA,Corporate
325,Olivia Williams,Male,34,Dallas,TX,USA,Consumer
326,Michael Rodriguez,Female,55,New York,NY,USA,Corporate
327,John Garcia,Female,41,San Diego,ca,USA,Corporate
328,William Brown,Female,41,Phoenix,AZ,USA,Home Office
329,Sophia Miller,Male,60,San Antonio,TX,USA,Consumer
330,Michael Miller,Male,53,Philadelphia,PA,USA,Consumer
331,Olivia Johnson,Female,52,Dallas,TX,USA,Consumer
332,Robert Miller,Female,42,Phoenix,AZ,USA,Consumer
333,Olivia Williams,Female,52,New York,,USA,Corporate
334,John Smith,Female,59,San Diego,ca,USA,Consumer
335,Robert Garcia,Male,63,Philadelphia,PA,USA,Consumer
336,Olivia Brown,Female,65,Phoenix,az,USA,Corporate
337,Michael Smith,Male,44,San Diego,CA,USA,Corporate
338,Robert Miller,Male,20,Phoenix,AZ,USA,Consumer
339,Ava Johnson,Male,39,San Diego,CA,USA,Home Office
340,Olivia Davis,Female,25,New York,NY,USA,Consumer
341,Sophia Brown,Male,38,Houston, TX ,USA,Consumer
342,Sophia Martinez,Male,57,  Phoenix  ,,USA,Consumer
343,Jane Williams,Male,30,Philadelphia,PA,USA,Consumer
344,Jane Jones,Male,33,Phoenix,AZ,USA,Consumer
345,John Smith,Female,23,,AZ,USA,Consumer
346,John Rodriguez,Male,59,Houston,TX,USA,Consumer
347,Olivia Martinez,Male,59,  San Diego  ,CA,USA,Consumer
348,James Martinez,Male,65,Phoenix,AZ,USA,Consumer
349,Sophia Rodriguez,Male,37,San Diego,,USA,Home Office
350,Emily Rodriguez,Female,65,Houston,TX,USA,Consumer
351,William Miller,Male,49,San Diego,CA,USA,Home Office
352,John Garcia,Female,27,Los Angeles,ca,USA,Consumer
353,Sophia Johnson,Female,38,Philadelphia,PA,USA,Consumer
354,Olivia Martinez,Male,58,San Diego,CA,USA,Consumer
355,Michael Miller,Female,67,san diego,CA,USA,Corporate
356,William Davis,Other,68,Los Angeles,CA,USA,Consumer
357,Sophia Garcia,Female,40,Dallas, TX ,USA,Home Office
358,Olivia Rodriguez,Male,47,Chicago,IL,USA,Consumer
359,Sophia Smith,Female,65,Chicago,,USA,Consumer
360,Jane Martinez,Female,45,New York,NY,USA,Consumer
361,Sophia Jones,Female,36,San Diego,CA,USA,Corporate
362,John Rodriguez,Male,51,San Antonio, TX ,USA,Consumer
363,William Garcia,Female,64,  San Antonio  ,TX,USA,Corporate
364,Olivia Brown,Female,59,Chicago,IL,USA,Consumer
365,Ava Martinez,Female,64,dallas,tx,USA,Consumer
366,Michael Davis,Female,33,  New York  ,ny,USA,Corporate
367,William Garcia,Male,32,Houston,TX,USA,Corporate
368,Emily Miller,Male,21,  Dallas  , TX ,USA,Consumer
369,Robert Davis,Female,30,Phoenix,AZ,USA,Consumer
370,Ava Miller,Male,21,Los Angeles,CA,USA,Consumer
371,John Johnson,Male,31,San Jose,CA,USA,Corporate
372,Michael Williams,Female,41,San Jose,CA,USA,Corporate
373,Ava Davis,Female,28,  New York  ,NY,USA,Consumer
374,Sophia Davis,Male,18,Los Angeles,ca,USA,Corporate
375,Emily Brown,Male,22,San Diego,CA,USA,Consumer
376,Jane Smith,Female,63,Houston,,USA,Consumer
377,Olivia Rodriguez,Male,69,Philadelphia,PA,USA,Consumer
378,Sophia Miller,Female,43,San Antonio,TX,USA,Consumer
379,Olivia Martinez,Male,29,Los Angeles,CA,USA,Consumer
380,Ava Johnson,Female,29,Philadelphia,PA,USA,Consumer
381,Jane Jones,Male,30,Dallas,TX,USA,Consumer
382,James Davis,Female,24,  Houston  ,TX,USA,Consumer
383,Emily Martinez,Male,36,san jose, CA ,USA,Consumer
384,Jane Garcia,Female,20,San Antonio,TX,USA,Consumer
385,Jane Garcia,Female,52,  Los Angeles  ,CA,USA,Consumer
386,Sophia Martinez,Female,33,New York,NY,USA,Consumer
387,James Brown,Female,68,San Diego,CA,USA,Consumer
388,Emily Miller,Female,63,San Diego,CA,USA,Consumer
389,Emily Brown,Other,63,San Diego,CA,USA,Home Office
390,Emily Martinez,Male,24,Dallas,TX,USA,Corporate
391,Michael Williams,Female,33,Chicago,IL,USA,Consumer
392,Ava Davis,Male,45,  San Diego  ,CA,USA,Consumer
393,Jane Rodriguez,Female,25,San Jose,CA,USA,Home Office
394,Michael Brown,Female,32,Los Angeles,CA,USA,Consumer
395,Emily Brown,Other,53,Phoenix,AZ,USA,Corporate
396,Robert Miller,Male,53,  Philadelphia  , PA ,USA,Consumer
397,Jane Garcia,Male,41,Los Angeles,CA,USA,Consumer
398,William Brown,Female,21,Chicago,IL,USA,Consumer
399,Ava Brown,Female,34,Philadelphia,PA,USA,Consumer
400,William Williams,Male,20,Houston,TX,USA,Consumer
401,Robert Williams,Male,54,New York,ny,USA,Home Office
402,John Jones,Female,48,  Dallas  ,TX,USA,Corporate
403,Sophia Smith,Male,43,san diego,CA,USA,Corporate
404,Olivia Jones,Male,47,,tx,USA,Consumer
405,James Martinez,Female,22,,CA,USA,Consumer
406,James Rodriguez,Male,55,philadelphia,PA,USA,Home Office
407,Jane Miller,Male,63,Chicago,IL,USA,Consumer
408,Sophia Martinez,Female,52,Philadelphia, PA ,USA,Consumer
409,Jane Garcia,Male,32,Chicago,IL,USA,Consumer
410,Michael Brown,Female,33,San Jose,CA,USA,Consumer
411,Robert Martinez,Female,45,Phoenix,AZ,USA,Consumer
412,Olivia Garcia,Female,22,San Jose,CA,USA,Home Office
413,Jane Williams,Male,23,New York,NY,USA,Consumer
414,James Martinez,Female,56,San Antonio,TX,USA,Corporate
415,Emily Smith,Male,62,,PA,USA,Corporate
416,Sophia Miller,Male,24,  Los Angeles  ,ca,USA,Consumer
417,Ava Johnson,Female,67,Dallas,TX,USA,Corporate
418,Sophia Miller,Female,23,  San Diego  ,CA,USA,Consumer
419,Emily Johnson,Female,43,Chicago, IL ,USA,Home Office
420,John Brown,Male,25,,,USA,Corporate
421,Ava Smith,Female,60,,PA,USA,Consumer
422,Olivia Jones,Male,65,Phoenix,AZ,USA,Consumer
423,William Williams,Female,52,Dallas,TX,USA,Consumer
424,William Williams,Male,25,  San Diego  ,CA,USA,Home Office
425,James Garcia,Female,46,San Jose,CA,USA,Consumer
426,Michael Garcia,Female,26,,AZ,USA,Consumer
427,Jane Davis,Male,66,chicago,IL,USA,Consumer
428,Robert Jones,Female,46,  New York  ,NY,USA,Consumer
429,Jane Rodriguez,Female,32,Chicago,IL,USA,Consumer
430,William Miller,Male,62,  Los Angeles  ,ca,USA,Consumer
431,John Brown,Female,24,Houston,TX,USA,Corporate
432,Olivia Williams,Male,37,Phoenix,AZ,USA,Consumer
433,Sophia Garcia,Male,49,Houston, TX ,USA,Consumer
434,James Jones,Female,68,Philadelphia, PA ,USA,Corporate
435,James Miller,Male,64,Phoenix,AZ,USA,Corporate
436,Sophia Davis,Female,42,,CA,USA,Consumer
437,Robert Davis,Male,26,Los Angeles,CA,USA,Consumer
438,Emily Martinez,Female,48,Houston,TX,USA,Consumer
439,Jane Garcia,Male,37,Chicago,,USA,Consumer
440,William Martinez,Male,50,,PA,USA,Consumer
441,John Miller,Male,27,Houston, TX ,USA,Consumer
442,John Garcia,Female,38,San Jose,CA,USA,Consumer
443,Robert Rodriguez,Female,55,  San Jose  ,CA,USA,Home Office
444,John Brown,Male,19,Houston,TX,USA,Consumer
445,Jane Davis,Female,48,San Jose,CA,USA,Consumer
446,Olivia Garcia,Male,22,San Jose, CA ,USA,Home Office
447,James Miller,Male,67,Phoenix,AZ,USA,Consumer
448,Ava Williams,Male,18,Philadelphia,PA,USA,Consumer
449,William Davis,Male,27,,,USA,Consumer
450,Robert Davis,Female,42,San Diego,CA,USA,Consumer
451,Michael Johnson,Other,19,Phoenix,AZ,USA,Consumer
452,Robert Brown,Male,62,chicago, IL ,USA,Home Office
453,Olivia Johnson,Female,23,San Jose, CA ,USA,Consumer
454,Ava Garcia,Male,21,Dallas,TX,USA,Consumer
455,Michael Brown,Female,55,New York,NY,USA,Consumer
456,Olivia Smith,Male,35,Chicago,IL,USA,Consumer
457,Michael Martinez,Male,67,Houston, TX ,USA,Home Office
458,William Williams,Female,52,,TX,USA,Home Office
459,Michael Martinez,Other,48,San Jose, CA ,USA,Consumer
460,John Rodriguez,Male,22,Chicago,,USA,Consumer
461,Jane Garcia,Female,22,San Jose, CA ,USA,Consumer
462,Michael Garcia,Other,50,Phoenix,AZ,USA,Consumer
463,Jane Williams,Male,40,, TX ,USA,Consumer
464,Michael Williams,Male,60,San Antonio, TX ,USA,Consumer
465,William Martinez,Female,35,Dallas,TX,USA,Consumer
466,Olivia Williams,Male,26,Phoenix,AZ,USA,Consumer
467,Robert Davis,Other,61,,CA,USA,Corporate
468,William Smith,Other,46,Phoenix,AZ,USA,Corporate
469,John Davis,Female,26,Phoenix, AZ ,USA,Consumer
470,Michael Martinez,Female,50,Los Angeles, CA ,USA,Consumer
471,William Brown,Female,54,san jose,CA,USA,Corporate
472,Ava Smith,Female,58,San Antonio,,USA,Consumer
473,Sophia Miller,Female,49,San Jose,CA,USA,Consumer
474,Michael Smith,Other,19,Philadelphia,PA,USA,Consumer
475,John Brown,Male,32,Houston,,USA,Home Office
476,William Jones,Female,57,Dallas,TX,USA,Consumer
477,Ava Smith,Female,60,Houston,TX,USA,Consumer
478,Olivia Williams,Male,41,philadelphia,PA,USA,Corporate
479,Sophia Johnson,Female,42,Chicago,IL,USA,Consumer
480,John Smith,Male,51,New York,NY,USA,Corporate
481,Michael Martinez,Male,52,Philadelphia,PA,USA,Consumer
482,William Smith,Male,26,Phoenix,AZ,USA,Corporate
483,John Rodriguez,Other,68,New York,,USA,Corporate
484,Michael Davis,Female,19,Houston,TX,USA,Home Office
485,John Smith,Male,36,san diego,CA,USA,Consumer
486,Emily Johnson,Female,58,Houston,TX,USA,Consumer
487,Sophia Davis,Male,29,San Antonio,TX,USA,Consumer
488,Olivia Davis,Female,69,  San Diego  ,CA,USA,Home Office
489,Michael Williams,Male,29,Houston,TX,USA,Corporate
490,Sophia Garcia,Male,52,  Chicago  ,IL,USA,Corporate
491,William Martinez,Male,46,San Antonio,TX,USA,Consumer
492,Emily Johnson,Female,30,San Diego,CA,USA,Consumer
493,James Miller,Male,41,Philadelphia, PA ,USA,Consumer
494,Emily Williams,Female,22,San Diego,,USA,Consumer
495,John Jones,Male,19,Phoenix,az,USA,Corporate
496,Jane Brown,Female,53,san jose,CA,USA,Consumer
497,Olivia Johnson,Male,57,dallas,tx,USA,Corporate
498,Jane Brown,Male,31,chicago,IL,USA,Home Office
499,Ava Rodriguez,Male,26,san jose,CA,USA,Consumer
500,Robert Johnson,Female,29,San Diego,ca,USA,Corporate
501,Sophia Rodriguez,Female,53,San Diego, CA ,USA,Consumer
502,Sophia Smith,Other,22,Dallas,TX,USA,Home Office
503,Robert Martinez,Male,64,Dallas,TX,USA,Consumer
504,Michael Miller,Female,45,Philadelphia,PA,USA,Consumer
505,Emily Jones,Male,41,New York,NY,USA,Corporate
506,Sophia Smith,Male,36,,CA,USA,Corporate
507,John Rodriguez,Female,61,,ny,USA,Consumer
508,Jane Jones,Female,33,san antonio,tx,USA,Consumer
509,Olivia Rodriguez,Male,65,Los Angeles,CA,USA,Consumer
510,Emily Jones,Female,52,San Diego,CA,USA,Corporate
511,Jane Garcia,Female,69,houston,TX,USA,Corporate
512,James Rodriguez,Female,26,San Diego,CA,USA,Consumer
513,Olivia Martinez,Female,66,New York,NY,USA,Corporate
514,Ava Brown,Female,45,Dallas,TX,USA,Consumer
515,John Jones,Female,21,Phoenix,,USA,Consumer
516,Olivia Rodriguez,Female,26,San Jose,CA,USA,Consumer
517,Ava Rodriguez,Female,22,san antonio,TX,USA,Consumer
518,Sophia Davis,Female,69,New York,NY,USA,Consumer
519,James Johnson,Male,43,,TX,USA,Home Office
520,Robert Davis,Female,38,San Diego,CA,USA,Corporate
521,John Davis,Male,65,Houston,TX,USA,Consumer
522,Olivia Garcia,Other,19,Phoenix,AZ,USA,Corporate
523,William Martinez,Female,35,Chicago,IL,USA,Consumer
524,Olivia Davis,Male,40,Dallas,,USA,Consumer
525,Ava Williams,Female,20,Chicago,IL,USA,Consumer
526,Robert Smith,Female,47,Dallas,TX,USA,Consumer
527,Emily Garcia,Male,26,San Diego,CA,USA,Consumer
528,Sophia Miller,Female,49,  Philadelphia  ,PA,USA,Home Office
529,Michael Smith,Female,61,New York,NY,USA,Consumer
530,James Miller,Female,65,Phoenix,AZ,USA,Consumer
531,Sophia Smith,Female,29,Los Angeles,CA,USA,Corporate
532,John Miller,Male,29,Philadelphia,PA,USA,Consumer
533,Emily Williams,Male,27,Dallas, TX ,USA,Consumer
534,William Williams,Male,37,  Phoenix  ,AZ,USA,Corporate
535,Ava Martinez,Male,45,Chicago,IL,USA,Consumer
536,James Garcia,Male,43,San Jose,CA,USA,Consumer
537,Robert Garcia,Male,41,Houston,TX,USA,Consumer
538,Olivia Smith,Other,19,Dallas,TX,USA,Consumer
539,James Davis,Male,69,chicago,,USA,Consumer
540,Robert Williams,Female,46,,CA,USA,Home Office
541,Robert Miller,Male,57,Chicago, IL ,USA,Consumer
542,Emily Martinez,Male,29,San Antonio,TX,USA,Consumer
543,Michael Garcia,Male,50,New York, NY ,USA,Corporate
544,Emily Johnson,Female,56,San Diego,CA,USA,Consumer
545,Robert Miller,Male,62,Los Angeles,CA,USA,Consumer
546,Sophia Williams,Female,29,  Philadelphia  ,PA,USA,Home Office
547,Robert Jones,Male,33,  San Antonio  ,TX,USA,Consumer
548,John Jones,Female,30,los angeles,CA,USA,Consumer
549,John Rodriguez,Other,58,Chicago,IL,USA,Corporate
550,William Martinez,Other,27,Chicago,IL,USA,Consumer
551,Robert Brown,Male,28,San Antonio,TX,USA,Consumer
552,Michael Miller,Female,57,San Diego,CA,USA,Consumer
553,John Jones,Male,26,San Diego,CA,USA,Consumer
554,Olivia Jones,Female,31,san jose,CA,USA,Corporate
555,Jane Johnson,Female,27,Phoenix,AZ,USA,Consumer
556,Robert Johnson,Female,20,Dallas,TX,USA,Consumer
557,Michael Williams,Female,68,Chicago,IL,USA,Home Office
558,John Brown,Other,29,Los Angeles,CA,USA,Consumer
559,William Rodriguez,Female,21,New York,NY,USA,Consumer
560,Ava Johnson,Female,21,Houston,TX,USA,Consumer
561,Emily Jones,Female,68,San Jose,CA,USA,Corporate
562,Olivia Smith,Male,41,Dallas,TX,USA,Consumer
563,Emily Smith,Male,18,,CA,USA,Consumer
564,Olivia Jones,Male,49,Philadelphia,PA,USA,Home Office
565,Emily Rodriguez,Female,48,Philadelphia, PA ,USA,Consumer
566,John Johnson,Female,60,,CA,USA,Consumer
567,Michael Jones,Male,28,Chicago,IL,USA,Corporate
568,Olivia Williams,Male,34,San Antonio,TX,USA,Consumer
569,William Miller,Male,57,phoenix,AZ,USA,Consumer
570,Ava Williams,Female,20,San Antonio, TX ,USA,Consumer
571,Sophia Davis,Male,26,Phoenix,AZ,USA,Consumer
572,Emily Miller,Female,40,houston,TX,USA,Consumer
573,Ava Jones,Female,37,Dallas,TX,USA,Home Office
574,Ava Martinez,Female,22,Los Angeles,CA,USA,Corporate
575,Jane Jones,Male,55,New York,ny,USA,Consumer
576,James Davis,Male,29,  San Diego  ,CA,USA,Consumer
577,James Smith,Male,44,Houston,tx,USA,Consumer
578,William Smith,Male,43,,AZ,USA,Consumer
579,Sophia Johnson,Other,67,Houston,TX,USA,Consumer
580,Michael Johnson,Female,46,San Jose,CA,USA,Consumer
581,William Martinez,Male,66,Dallas,TX,USA,Consumer
582,Michael Davis,Male,53,, TX ,USA,Consumer
583,Sophia Williams,Male,65,Philadelphia,PA,USA,Consumer
584,William Miller,Male,63,Chicago, IL ,USA,Corporate
585,John Rodriguez,Female,26,San Antonio,TX,USA,Consumer
586,Ava Garcia,Male,67,,TX,USA,Consumer
587,Michael Johnson,Male,41,Dallas,,USA,Consumer
588,Olivia Garcia,Female,31,Los Angeles,ca,USA,Consumer
589,Ava Smith,Female,25,Dallas,TX,USA,Corporate
590,Sophia Brown,Female,31,Dallas,TX,USA,Consumer
591,William Williams,Male,46,,CA,USA,Consumer
592,Olivia Garcia,Female,62,Phoenix,,USA,Consumer
593,Sophia Brown,Male,51,San Antonio,TX,USA,Consumer
594,Olivia Smith,Male,18,Phoenix,AZ,USA,Consumer
595,Sophia Davis,Male,22,Dallas,TX,USA,Corporate
596,William Williams,Female,38,Los Angeles,CA,USA,Consumer
597,James Garcia,Female,37,San Diego,ca,USA,Consumer
598,John Smith,Male,69,San Jose,,USA,Corporate
599,Emily Rodriguez,Male,68,Phoenix, AZ ,USA,Consumer
600,Sophia Williams,Female,26,Chicago,,USA,Consumer
601,Ava Jones,Female,68,New York,NY,USA,Consumer
602,William Johnson,Female,25,Phoenix,az,USA,Consumer
603,Michael Miller,Male,19,Los Angeles,CA,USA,Consumer
604,Michael Garcia,Female,28,San Diego,CA,USA,Consumer
605,Sophia Williams,Female,45,New York,ny,USA,Consumer
606,Jane Martinez,Female,57,san jose,CA,USA,Corporate
607,James Rodriguez,Female,31,San Antonio,TX,USA,Corporate
608,Emily Brown,Male,18,Dallas,TX,USA,Corporate
609,Emily Johnson,Female,48,San Jose,CA,USA,Consumer
610,Michael Jones,Female,47,  Dallas  ,TX,USA,Consumer
611,Jane Williams,Other,34,Houston,TX,USA,Consumer
612,Michael Miller,Male,25,,TX,USA,Corporate
613,William Jones,Male,22,San Jose,CA,USA,Corporate
614,Ava Jones,Female,52,Chicago, IL ,USA,Corporate
615,James Rodriguez,Male,57,Chicago, IL ,USA,Consumer
616,Jane Johnson,Female,28,Dallas,TX,USA,Consumer
617,Olivia Jones,Female,42,Dallas,TX,USA,Consumer
618,William Rodriguez,Female,32,Phoenix,AZ,USA,Consumer
619,Sophia Davis,Female,24,Los Angeles,CA,USA,Consumer
620,Olivia Brown,Female,56,  Phoenix  , AZ ,USA,Consumer
621,Michael Smith,Male,69,San Antonio,tx,USA,Home Office
622,Jane Martinez,Male,57,Phoenix,AZ,USA,Consumer
623,Emily Jones,Female,24,Chicago, IL ,USA,Corporate
624,Jane Jones,Male,61,Phoenix, AZ ,USA,Corporate
625,Sophia Jones,Female,34,San Antonio,TX,USA,Consumer
626,James Jones,Female,27,San Jose,CA,USA,Consumer
627,Sophia Rodriguez,Female,54,San Antonio,,USA,Consumer
628,Emily Garcia,Male,29,Los Angeles,CA,USA,Consumer
629,James Jones,Male,51,New York,NY,USA,Consumer
630,James Johnson,Male,32,san antonio,tx,USA,Corporate
631,Michael Williams,Female,41,Philadelphia,PA,USA,Corporate
632,Robert Brown,Female,66,Chicago,IL,USA,Consumer
633,James Johnson,Male,24,New York,,USA,Consumer
634,Sophia Martinez,Male,63,Houston,tx,USA,Consumer
635,William Smith,Female,34,Dallas,TX,USA,Consumer
636,Michael Johnson,Female,61,Houston,,USA,Consumer
637,Olivia Garcia,Male,42,Los Angeles,ca,USA,Consumer
638,Emily Davis,Male,21,phoenix,AZ,USA,Consumer
639,Robert Johnson,Other,20,Philadelphia,PA,USA,Home Office
640,Ava Johnson,Male,62,Los Angeles,CA,USA,Consumer
641,James Miller,Male,19,San Jose,CA,USA,Consumer
642,Ava Miller,Female,24,San Jose,CA,USA,Consumer
643,Ava Williams,Female,43,Chicago,IL,USA,Consumer
644,Emily Davis,Male,44,, TX ,USA,Home Office
645,John Brown,Female,57,Philadelphia,PA,USA,Home Office
646,Emily Garcia,Female,21,San Diego,CA,USA,Consumer
647,Emily Miller,Other,35,New York,NY,USA,Corporate
648,John Williams,Female,23,San Diego,CA,USA,Home Office
649,Emily Brown,Female,22,San Antonio,TX,USA,Consumer
650,William Brown,Female,32,Los Angeles,CA,USA,Consumer
651,Robert Jones,Female,27,  San Antonio  ,TX,USA,Consumer
652,Sophia Williams,Female,23,Los Angeles,ca,USA,Consumer
653,Robert Davis,Male,58,San Diego, CA ,USA,Consumer
654,Emily Miller,Female,23,  Chicago  ,IL,USA,Consumer
655,Michael Davis,Male,68,San Jose,CA,USA,Consumer
656,Sophia Davis,Female,26,Chicago,,USA,Consumer
657,William Jones,Male,58,San Diego,CA,USA,Corporate
658,Michael Miller,Female,20,Philadelphia,PA,USA,Consumer
659,Robert Brown,Male,27,Chicago,,USA,Home Office
660,Robert Smith,Male,29,Los Angeles,CA,USA,Consumer
661,Sophia Brown,Male,66,Chicago,IL,USA,Consumer
662,Michael Johnson,Other,49,New York,NY,USA,Consumer
663,Sophia Williams,Male,58,San Jose,CA,USA,Consumer
664,Robert Johnson,Female,44,San Diego,,USA,Consumer
665,Olivia Rodriguez,Female,50,Philadelphia,PA,USA,Consumer
666,Olivia Johnson,Female,24,Houston,tx,USA,Consumer
667,Olivia Smith,Female,67,  New York  ,NY,USA,Consumer
668,Olivia Martinez,Female,69,Houston,TX,USA,Consumer
669,Ava Williams,Male,51,San Diego,CA,USA,Corporate
670,Olivia Smith,Female,54,Los Angeles,CA,USA,Consumer
671,James Miller,Female,68,San Jose,ca,USA,Consumer
672,Olivia Williams,Female,35,San Antonio,,USA,Consumer
673,Jane Jones,Female,63,Los Angeles,,USA,Home Office
674,Ava Brown,Female,44,San Jose,CA,USA,Consumer
675,John Miller,Female,21,,CA,USA,Corporate
676,John Brown,Male,46,San Diego,CA,USA,Consumer
677,Jane Smith,Female,22,San Antonio,TX,USA,Consumer
678,Emily Davis,Female,35,Houston,TX,USA,Consumer
679,Michael Garcia,Male,20,San Antonio,TX,USA,Consumer
680,William Brown,Female,31,New York,NY,USA,Corporate
681,William Smith,Male,52,Los Angeles,CA,USA,Corporate
682,William Johnson,Male,61,Houston,,USA,Corporate
683,Robert Johnson,Male,66,Dallas,TX,USA,Corporate
684,Ava Rodriguez,Female,56,San Diego,CA,USA,Consumer
685,Sophia Jones,Other,55,New York,NY,USA,Consumer
686,Michael Smith,Male,59,San Diego,ca,USA,Home Office
687,Olivia Garcia,Female,63,San Antonio,TX,USA,Consumer
688,William Smith,Female,56,San Antonio,TX,USA,Consumer
689,William Garcia,Other,19,chicago,IL,USA,Consumer
690,Michael Garcia,Male,37,Dallas, TX ,USA,Corporate
691,Sophia Miller,Male,30,Phoenix,AZ,USA,Consumer
692,Robert Johnson,Female,51,Philadelphia,PA,USA,Consumer
693,Robert Miller,Female,40,San Antonio,TX,USA,Consumer
694,James Johnson,Male,45,San Jose,ca,USA,Consumer
695,James Rodriguez,Male,59,,pa,USA,Corporate
696,Olivia Brown,Female,67,Dallas,TX,USA,Corporate
697,Olivia Martinez,Female,45,Chicago,IL,USA,Home Office
698,Ava Jones,Male,63,,ny,USA,Consumer
699,Olivia Brown,Female,49,Los Angeles,,USA,Consumer
700,William Rodriguez,Female,19,New York,NY,USA,Corporate
701,James Miller,Female,34,san diego,,USA,Corporate
702,Ava Rodriguez,Female,69,los angeles,CA,USA,Consumer
703,Ava Jones,Male,46,Houston,TX,USA,Corporate
704,Jane Williams,Other,47,San Diego,CA,USA,Consumer
705,Ava Miller,Male,29,houston,tx,USA,Consumer
706,William Jones,Female,62,  Dallas  ,TX,USA,Consumer
707,Sophia Miller,Male,61,Phoenix,AZ,USA,Consumer
708,Ava Brown,Female,44,  San Jose  ,CA,USA,Consumer
709,Emily Martinez,Male,58,Houston,TX,USA,Consumer
710,Ava Jones,Male,33,San Diego,CA,USA,Consumer
711,Robert Davis,Female,18,,TX,USA,Consumer
712,Olivia Jones,Male,50,Chicago,IL,USA,Consumer
713,Sophia Rodriguez,Male,41,Dallas,TX,USA,Home Office
714,William Jones,Male,69,New York,NY,USA,Consumer
715,Robert Martinez,Female,45,Los Angeles, CA ,USA,Home Office
716,Michael Smith,Male,51,Philadelphia,PA,USA,Consumer
717,Olivia Davis,Female,64,Phoenix,AZ,USA,Consumer
718,John Miller,Male,52,Los Angeles,CA,USA,Corporate
719,Michael Martinez,Male,26,Chicago,IL,USA,Consumer
720,Ava Johnson,Female,24,New York,,USA,Consumer
721,William Smith,Male,29,San Diego,CA,USA,Consumer
722,John Miller,Other,42,San Jose,CA,USA,Home Office
723,John Davis,Female,29,Houston,TX,USA,Corporate
724,James Jones,Male,19,Chicago,IL,USA,Consumer
725,Robert Martinez,Male,45,Philadelphia, PA ,USA,Consumer
726,William Jones,Male,37,,NY,USA,Consumer
727,James Jones,Female,66,San Diego,CA,USA,Consumer
728,Emily Martinez,Female,20,Houston, TX ,USA,Consumer
729,Michael Brown,Other,58,  New York  ,NY,USA,Corporate
730,Ava Jones,Male,67,San Antonio,,USA,Corporate
731,Michael Davis,Male,57,San Antonio,TX,USA,Corporate
732,Robert Rodriguez,Female,22,San Antonio,TX,USA,Consumer
733,Sophia Martinez,Other,18,San Antonio,TX,USA,Consumer
734,James Smith,Male,50,Dallas,,USA,Corporate
735,Emily Williams,Female,61,,,USA,Consumer
736,Jane Miller,Female,23,Phoenix,AZ,USA,Consumer
737,Jane Brown,Male,56,Dallas,TX,USA,Consumer
738,James Smith,Other,39,San Diego,CA,USA,Consumer
739,Olivia Johnson,Male,68,Philadelphia,PA,USA,Consumer
740,Emily Jones,Other,59,Phoenix,AZ,USA,Home Office
741,John Garcia,Female,29,Dallas,,USA,Consumer
742,John Jones,Male,21,Phoenix,AZ,USA,Corporate
743,Sophia Williams,Male,48,San Antonio,TX,USA,Consumer
744,Ava Jones,Female,50,Chicago,IL,USA,Consumer
745,William Williams,Female,57,Philadelphia,PA,USA,Consumer
746,Ava Jones,Female,27,Houston,TX,USA,Corporate
747,William Rodriguez,Male,21,Dallas,tx,USA,Corporate
748,Sophia Garcia,Male,19,Phoenix,AZ,USA,Consumer
749,Robert Miller,Female,25,Phoenix,AZ,USA,Consumer
750,Ava Brown,Male,21,San Diego,CA,USA,Consumer
751,William Smith,Male,29,San Jose,,USA,Home Office
752,Jane Rodriguez,Male,18,,NY,USA,Consumer
753,Emily Williams,Male,51,Phoenix,AZ,USA,Corporate
754,James Martinez,Female,22,Philadelphia,PA,USA,Consumer
755,Olivia Rodriguez,Male,35,Houston,,USA,Consumer
756,Sophia Brown,Female,20,,CA,USA,Consumer
757,Jane Johnson,Female,46,  San Antonio  ,TX,USA,Consumer
758,Emily Davis,Female,33,,,USA,Corporate
759,Olivia Brown,Male,20,Philadelphia,PA,USA,Corporate
760,John Garcia,Female,28,,TX,USA,Consumer
761,James Rodriguez,Female,34,Los Angeles,CA,USA,Consumer
762,Sophia Brown,Female,69,Philadelphia,PA,USA,Consumer
763,Michael Brown,Male,34,New York,ny,USA,Home Office
764,Jane Davis,Female,56,Philadelphia,,USA,Consumer
765,Emily Rodriguez,Male,38,San Jose,CA,USA,Consumer
766,Jane Williams,Female,60,San Diego,CA,USA,Consumer
767,James Garcia,Male,27,Los Angeles,CA,USA,Home Office
768,Robert Brown,Female,43,,,USA,Consumer
769,Ava Jones,Male,41,San Jose,,USA,Corporate
770,James Johnson,Male,39,Houston,TX,USA,Corporate
771,Olivia Williams,Female,26,  San Jose  ,CA,USA,Consumer
772,Jane Martinez,Male,40,San Antonio,tx,USA,Home Office
773,Emily Rodriguez,Male,20,dallas,TX,USA,Consumer
774,Robert Jones,Female,54,  Dallas  ,TX,USA,Home Office
775,Emily Miller,Female,37,Philadelphia,PA,USA,Consumer
776,William Davis,Male,34,San Antonio,TX,USA,Consumer
777,Ava Jones,Female,40,Chicago,IL,USA,Corporate
778,Emily Brown,Male,58,dallas,TX,USA,Consumer
779,Jane Brown,Female,46,  San Diego  ,,USA,Consumer
780,William Garcia,Female,63,Los Angeles,CA,USA,Consumer
781,John Jones,Female,35,Dallas,TX,USA,Consumer
782,Olivia Johnson,Female,24,Houston,TX,USA,Consumer
783,Olivia Martinez,Female,39,san jose, CA ,USA,Consumer
784,William Williams,Male,23,Los Angeles,CA,USA,Corporate
785,James Jones,Female,34,Houston,TX,USA,Home Office
786,Sophia Smith,Male,29,San Antonio,TX,USA,Consumer
787,William Davis,Male,40,,IL,USA,Corporate
788,Ava Garcia,Female,39,  Chicago  ,IL,USA,Consumer
789,Ava Brown,Male,60,New York,NY,USA,Consumer
790,John Garcia,Female,51,,CA,USA,Corporate
791,Michael Garcia,Female,65,New York,ny,USA,Consumer
792,James Johnson,Female,62,Philadelphia, PA ,USA,Consumer
793,Ava Brown,Male,36,Phoenix,AZ,USA,Home Office
794,James Rodriguez,Female,21,Dallas,TX,USA,Corporate
795,Olivia Smith,Female,24,Houston,TX,USA,Consumer
796,Jane Johnson,Male,27,New York,NY,USA,Consumer
797,Jane Williams,Female,36,  New York  ,NY,USA,Consumer
798,James Brown,Male,32,Los Angeles,CA,USA,Corporate
799,James Davis,Male,58,,IL,USA,Consumer
800,John Martinez,Male,23,  San Antonio  ,TX,USA,Consumer
801,Emily Miller,Male,46,San Antonio,TX,USA,Consumer
802,Ava Garcia,Other,64,Dallas,TX,USA,Consumer
803,Olivia Miller,Male,32,Chicago, IL ,USA,Consumer
804,Robert Williams,Male,38,Philadelphia,PA,USA,Consumer
805,John Smith,Male,68,phoenix,az,USA,Consumer
806,Michael Martinez,Male,34,San Antonio,TX,USA,Consumer
807,Robert Davis,Male,27,San Antonio,TX,USA,Consumer
808,Sophia Martinez,Female,34,,NY,USA,Consumer
809,Jane Garcia,Female,48,San Antonio, TX ,USA,Corporate
810,Olivia Miller,Male,19,,TX,USA,Consumer
811,Olivia Jones,Female,31,Philadelphia,PA,USA,Corporate
812,James Johnson,Male,65,,PA,USA,Home Office
813,Jane Rodriguez,Female,53,San Jose,,USA,Consumer
814,Ava Rodriguez,Male,36,Los Angeles,CA,USA,Consumer
815,Robert Garcia,Female,40,San Jose, CA ,USA,Consumer
816,Sophia Williams,Female,65,Philadelphia,PA,USA,Consumer
817,James Rodriguez,Male,20,Los Angeles,CA,USA,Consumer
818,John Johnson,Female,32,Dallas,TX,USA,Consumer
819,Olivia Rodriguez,Female,23,Chicago,IL,USA,Consumer
820,John Brown,Female,28,New York,NY,USA,Consumer
821,Olivia Martinez,Other,55,San Diego,,USA,Consumer
822,Robert Rodriguez,Female,28,philadelphia,,USA,Consumer
823,Emily Rodriguez,Male,64,san jose, CA ,USA,Consumer
824,Jane Martinez,Male,45,Houston,,USA,Consumer
825,Jane Brown,Female,69,San Diego,CA,USA,Corporate
826,Michael Martinez,Male,43,Phoenix,AZ,USA,Consumer
827,Michael Rodriguez,Male,65,San Diego, CA ,USA,Consumer
828,Emily Miller,Male,52,San Antonio,tx,USA,Consumer
829,Emily Martinez,Female,26,  Chicago  ,IL,USA,Consumer
830,Emily Martinez,Other,23,San Diego,ca,USA,Corporate
831,Olivia Garcia,Male,25,New York,NY,USA,Corporate
832,Ava Smith,Female,54,New York,NY,USA,Home Office
833,John Jones,Male,39,Houston,TX,USA,Consumer
834,James Rodriguez,Female,31,Chicago, IL ,USA,Consumer
835,Sophia Johnson,Female,50,  New York  ,NY,USA,Consumer
836,Robert Miller,Male,65,Phoenix,AZ,USA,Consumer
837,Olivia Davis,Male,18,San Antonio,TX,USA,Consumer
838,Michael Garcia,Female,24,  San Antonio  ,tx,USA,Consumer
839,Michael Martinez,Female,29,chicago,IL,USA,Corporate
840,Emily Miller,Male,46,,TX,USA,Consumer
841,James Johnson,Female,22,  Dallas  ,TX,USA,Consumer
842,James Johnson,Male,26,  Chicago  ,IL,USA,Consumer
843,Emily Jones,Male,50,, TX ,USA,Home Office
844,James Brown,Male,44,San Jose,CA,USA,Consumer
845,Jane Williams,Female,25,,IL,USA,Corporate
846,William Smith,Male,59,San Diego,CA,USA,Consumer
847,Robert Jones,Female,30,Dallas,TX,USA,Consumer
848,Olivia Martinez,Female,43,Los Angeles,,USA,Consumer
849,Ava Brown,Female,44,San Jose, CA ,USA,Home Office
850,John Brown,Female,27,houston,TX,USA,Home Office
851,Jane Johnson,Female,59,Phoenix,AZ,USA,Consumer
852,Robert Miller,Female,63,Chicago,IL,USA,Home Office
853,Ava Jones,Female,52,  Los Angeles  ,CA,USA,Consumer
854,James Davis,Female,35,Phoenix,AZ,USA,Consumer
855,Robert Brown,Female,27,New York,NY,USA,Consumer
856,Robert Brown,Male,26,Los Angeles, CA ,USA,Home Office
857,William Miller,Male,36,Phoenix,AZ,USA,Consumer
858,William Jones,Male,51,Phoenix,az,USA,Home Office
859,Robert Smith,Male,31,Dallas,tx,USA,Consumer
860,Emily Johnson,Male,44,San Jose, CA ,USA,Consumer
861,Jane Smith,Male,55,New York,NY,USA,Consumer
862,Olivia Davis,Male,40,San Jose,CA,USA,Consumer
863,Robert Davis,Male,24,  San Diego  ,CA,USA,Consumer
864,Ava Smith,Male,26,Philadelphia,PA,USA,Consumer
865,Sophia Brown,Male,34,New York,NY,USA,Consumer
866,James Martinez,Female,48,San Jose,CA,USA,Consumer
867,Robert Miller,Female,37,Chicago,IL,USA,Home Office
868,James Williams,Male,68,San Antonio,TX,USA,Corporate
869,Michael Brown,Female,30,New York,ny,USA,Consumer
870,Jane Johnson,Male,26,  Dallas  , TX ,USA,Corporate
871,Jane Davis,Male,59,  Philadelphia  ,PA,USA,Consumer
872,Emily Williams,Female,39,San Jose,CA,USA,Consumer
873,Michael Martinez,Female,61,Los Angeles,ca,USA,Corporate
874,Ava Martinez,Female,66,San Jose,ca,USA,Consumer
875,Michael Jones,Male,49,  Chicago  ,IL,USA,Home Office
876,Olivia Davis,Female,68,Houston,tx,USA,Corporate
877,Robert Smith,Female,32,San Antonio,tx,USA,Home Office
878,Olivia Johnson,Male,35,Los Angeles,CA,USA,Home Office
879,John Williams,Female,29,  San Antonio  ,TX,USA,Consumer
880,Michael Johnson,Female,41,Houston,TX,USA,Consumer
881,John Jones,Male,23,Philadelphia, PA ,USA,Consumer
882,Ava Davis,Male,56,Chicago,IL,USA,Corporate
883,Robert Rodriguez,Male,23,Phoenix,AZ,USA,Consumer
884,Sophia Rodriguez,Male,31,  San Antonio  ,TX,USA,Consumer
885,Emily Brown,Female,67,Philadelphia,PA,USA,Corporate
886,James Brown,Other,28,Dallas,TX,USA,Consumer
887,Jane Rodriguez,Female,40,dallas,TX,USA,Consumer
888,William Martinez,Male,30,Phoenix,AZ,USA,Corporate
889,John Davis,Female,40,  New York  ,NY,USA,Consumer
890,Ava Smith,Male,68,, TX ,USA,Corporate
891,Jane Miller,Male,44,San Jose,CA,USA,Consumer
892,John Williams,Male,56,Los Angeles, CA ,USA,Consumer
893,Ava Garcia,Female,59,Dallas,TX,USA,Consumer
894,Robert Martinez,Male,51,Los Angeles, CA ,USA,Consumer
895,John Martinez,Female,58,Chicago, IL ,USA,Consumer
896,William Rodriguez,Female,27,  Dallas  ,TX,USA,Consumer
897,Jane Garcia,Female,62,,CA,USA,Consumer
898,James Smith,Male,41,Philadelphia, PA ,USA,Consumer
899,Robert Johnson,Male,66,San Antonio,TX,USA,Corporate
900,Jane Williams,Female,64,San Jose,CA,USA,Consumer
901,James Rodriguez,Male,35,Los Angeles,CA,USA,Corporate
902,Sophia Williams,Male,29,los angeles,CA,USA,Consumer
903,Michael Smith,Male,43,Los Angeles,CA,USA,Consumer
904,Emily Garcia,Male,43,Los Angeles,CA,USA,Consumer
905,Ava Brown,Female,64,Dallas,TX,USA,Consumer
906,Michael Jones,Female,29,San Jose,CA,USA,Consumer
907,Jane Jones,Male,48,New York,NY,USA,Consumer
908,William Martinez,Male,31,New York,,USA,Corporate
909,Sophia Jones,Female,60,chicago,,USA,Consumer
910,Jane Martinez,Male,50,San Diego,CA,USA,Corporate
911,Robert Williams,Male,67,Phoenix,az,USA,Consumer
912,Michael Jones,Male,22,San Jose,CA,USA,Consumer
913,Robert Smith,Male,36,Philadelphia,PA,USA,Consumer
914,Michael Jones,Female,24,san antonio,TX,USA,Corporate
915,William Martinez,Male,59,,,USA,Consumer
916,Olivia Martinez,Male,43,new york,NY,USA,Consumer
917,Sophia Jones,Female,61,Houston,TX,USA,Corporate
918,Robert Miller,Female,67,Dallas,TX,USA,Consumer
919,Robert Johnson,Male,68,Phoenix,,USA,Consumer
920,Michael Williams,Male,45,Chicago,IL,USA,Consumer
921,Michael Martinez,Male,53,Los Angeles,CA,USA,Consumer
922,Jane Smith,Male,22,  Dallas  ,,USA,Corporate
923,Robert Miller,Male,58,Chicago,IL,USA,Consumer
924,Ava Miller,Female,22,San Diego,CA,USA,Consumer
925,Emily Martinez,Male,67,San Jose,ca,USA,Home Office
926,James Garcia,Male,41,Los Angeles,CA,USA,Corporate
927,Emily Martinez,Female,52,chicago,IL,USA,Home Office
928,Robert Brown,Male,45,  Houston  ,TX,USA,Consumer
929,John Smith,Female,34,Dallas,TX,USA,Consumer
930,James Smith,Female,49,  Dallas  ,TX,USA,Corporate
931,Emily Jones,Male,40,San Jose, CA ,USA,Corporate
932,Jane Smith,Male,63,Chicago,IL,USA,Consumer
933,Michael Rodriguez,Male,30,New York,NY,USA,Consumer
934,James Brown,Female,19,Houston,TX,USA,Consumer
935,James Smith,Male,22,San Diego, CA ,USA,Consumer
936,James Jones,Male,58,  Chicago  ,IL,USA,Corporate
937,Jane Martinez,Female,41,San Diego,CA,USA,Consumer
938,Michael Davis,Male,52,San Diego,CA,USA,Consumer
939,Jane Garcia,Female,43,San Jose, CA ,USA,Consumer
940,James Brown,Male,21,Phoenix,AZ,USA,Consumer
941,Ava Brown,Other,60,Dallas,TX,USA,Home Office
942,Robert Miller,Male,67,San Diego,CA,USA,Consumer
943,John Garcia,Male,60,Phoenix,AZ,USA,Consumer
944,Michael Brown,Male,54,,,USA,Consumer
945,John Williams,Male,46,Dallas,TX,USA,Home Office
946,John Garcia,Male,36,Chicago,IL,USA,Consumer
947,Sophia Martinez,Male,43,San Diego,ca,USA,Consumer
948,Michael Smith,Male,46,Philadelphia,PA,USA,Consumer
949,Sophia Jones,Female,27,Chicago,IL,USA,Consumer
950,Robert Miller,Male,19,San Diego,CA,USA,Corporate
951,Olivia Davis,Female,45,San Antonio,TX,USA,Consumer
952,John Davis,Female,49,Los Angeles,ca,USA,Consumer
953,Robert Williams,Male,40,San Antonio,TX,USA,Consumer
954,Michael Miller,Male,54,  Philadelphia  ,pa,USA,Consumer
955,James Johnson,Male,48,Phoenix,AZ,USA,Consumer
956,William Jones,Female,43,,AZ,USA,Consumer
957,Emily Williams,Female,30,Philadelphia,PA,USA,Corporate
958,Sophia Miller,Male,56,San Diego,ca,USA,Corporate
959,Ava Smith,Female,61,chicago,IL,USA,Home Office
960,Olivia Rodriguez,Male,26,San Jose,CA,USA,Home Office
961,Olivia Williams,Female,40,san antonio,tx,USA,Corporate
962,Robert Rodriguez,Female,18,New York,NY,USA,Consumer
963,John Smith,Male,39,Phoenix,,USA,Corporate
964,Olivia Rodriguez,Male,26,Houston,TX,USA,Consumer
965,Olivia Smith,Male,46,San Diego,CA,USA,Consumer
966,Sophia Garcia,Male,28,, CA ,USA,Consumer
967,Michael Martinez,Male,56,San Jose,CA,USA,Corporate
968,Jane Davis,Female,23,Los Angeles,CA,USA,Consumer
969,Ava Brown,Male,56,New York, NY ,USA,Home Office
970,Michael Williams,Female,22,San Jose,CA,USA,Consumer
971,Olivia Rodriguez,Female,43,New York,NY,USA,Corporate
972,Jane Williams,Male,55,New York,NY,USA,Consumer
973,Robert Jones,Female,54,San Antonio,tx,USA,Consumer
974,Emily Johnson,Male,25,  Los Angeles  ,ca,USA,Corporate
975,Jane Brown,Female,53,San Jose,ca,USA,Consumer
976,Michael Johnson,Female,21,San Antonio,TX,USA,Corporate
977,William Davis,Male,54,Dallas,TX,USA,Consumer
978,Robert Smith,Female,47,Phoenix,AZ,USA,Consumer
979,Jane Garcia,Male,59,san diego,CA,USA,Corporate
980,John Garcia,Female,25,Phoenix,AZ,USA,Consumer
981,Emily Miller,Male,18,Los Angeles,CA,USA,Consumer
982,James Miller,Female,59,San Diego,CA,USA,Consumer
983,Ava Martinez,Male,39,Philadelphia,PA,USA,Corporate
984,Michael Davis,Male,27,Phoenix,az,USA,Consumer
985,Emily Martinez,Female,62,New York,NY,USA,Corporate
986,Jane Jones,Female,40,San Jose,CA,USA,Consumer
987,John Davis,Female,22,Philadelphia,PA,USA,Corporate
988,John Johnson,Male,57,New York,NY,USA,Consumer
989,William Jones,Female,61,San Jose,CA,USA,Home Office
990,Robert Miller,Male,26,San Antonio, TX ,USA,Consumer
991,William Davis,Female,30,San Diego,,USA,Consumer
992,Olivia Williams,Male,39,New York,NY,USA,Corporate
993,Emily Martinez,Male,33,Chicago,IL,USA,Corporate
994,Robert Johnson,Female,62,Dallas,TX,USA,Consumer
995,Olivia Garcia,Male,55,,PA,USA,Consumer
996,Olivia Garcia,Female,31,Los Angeles,CA,USA,Home Office
997,Jane Smith,Male,43,San Jose,CA,USA,Corporate
998,Emily Williams,Female,58,san jose,CA,USA,Corporate
999,James Rodriguez,Male,24,  Phoenix  ,AZ,USA,Consumer
1000,Michael Rodriguez,Male,61,Los Angeles, CA ,USA,Corporate
522,Olivia Garcia,Other,19,Phoenix,AZ,USA,Corporate
738,James Smith,Other,39,San Diego,CA,USA,Consumer
741,John Garcia,Female,29,Dallas,,USA,Consumer
661,Sophia Brown,Male,66,Chicago,IL,USA,Consumer
412,Olivia Garcia,Female,22,San Jose,CA,USA,Home Office
679,Michael Garcia,Male,20,San Antonio,TX,USA,Consumer
627,Sophia Rodriguez,Female,54,San Antonio,,USA,Consumer
514,Ava Brown,Female,45,Dallas,TX,USA,Consumer
860,Emily Johnson,Male,44,San Jose, CA ,USA,Consumer
137,John Davis,Female,55,New York,NY,USA,Consumer
812,James Johnson,Male,65,,PA,USA,Home Office
77,Emily Smith,Female,31,Philadelphia,PA,USA,Corporate
637,Olivia Garcia,Male,42,Los Angeles,ca,USA,Consumer
974,Emily Johnson,Male,25,  Los Angeles  ,ca,USA,Corporate
939,Jane Garcia,Female,43,San Jose, CA ,USA,Consumer
900,Jane Williams,Female,64,San Jose,CA,USA,Consumer
281,Michael Smith,Male,58,,TX,USA,Corporate
884,Sophia Rodriguez,Male,31,  San Antonio  ,TX,USA,Consumer
762,Sophia Brown,Female,69,Philadelphia,PA,USA,Consumer
320,James Martinez,Male,63,Chicago,IL,USA,Consumer
550,William Martinez,Other,27,Chicago,IL,USA,Consumer
175,Sophia Miller,Male,27,Chicago,IL,USA,Consumer
372,Michael Williams,Female,41,San Jose,CA,USA,Corporate
528,Sophia Miller,Female,49,  Philadelphia  ,PA,USA,Home Office
211,Emily Martinez,Male,50,Philadelphia,PA,USA,Corporate
236,Jane Jones,Female,63,Dallas,TX,USA,Consumer
102,Michael Garcia,Male,64,Houston,TX,USA,Consumer
987,John Davis,Female,22,Philadelphia,PA,USA,Corporate
903,Michael Smith,Male,43,Los Angeles,CA,USA,Consumer
948,Michael Smith,Male,46,Philadelphia,PA,USA,Consumer
347,Olivia Martinez,Male,59,  San Diego  ,CA,USA,Consumer
140,Ava Smith,Male,22,Dallas,TX,USA,Consumer
622,Jane Martinez,Male,57,Phoenix,AZ,USA,Consumer
500,Robert Johnson,Female,29,San Diego,ca,USA,Corporate
371,John Johnson,Male,31,San Jose,CA,USA,Corporate
199,Michael Davis,Female,52,New York,NY,USA,Home Office
688,William Smith,Female,56,San Antonio,TX,USA,Consumer
585,John Rodriguez,Female,26,San Antonio,TX,USA,Consumer
902,Sophia Williams,Male,29,los angeles,CA,USA,Consumer
60,Ava Johnson,Male,23,New York, NY ,USA,Consumer
329,Sophia Miller,Male,60,San Antonio,TX,USA,Consumer
97,William Miller,Male,32,San Antonio,TX,USA,Consumer
313,Emily Martinez,Male,42,Philadelphia,PA,USA,Corporate
975,Jane Brown,Female,53,San Jose,ca,USA,Consumer
300,John Smith,Female,45,Houston,TX,USA,Home Office
278,Emily Johnson,Female,57,,TX,USA,Consumer
925,Emily Martinez,Male,67,San Jose,ca,USA,Home Office
602,William Johnson,Female,25,Phoenix,az,USA,Consumer
440,William Martinez,Male,50,,PA,USA,Consumer
838,Michael Garcia,Female,24,  San Antonio  ,tx,USA,Consumer
571,Sophia Davis,Male,26,Phoenix,AZ,USA,Consumer
880,Michael Johnson,Female,41,Houston,TX,USA,Consumer
262,Michael Johnson,Female,40,houston,TX,USA,Consumer
579,Sophia Johnson,Other,67,Houston,TX,USA,Consumer
24,John Williams,Female,68,Houston,TX,USA,Consumer
31,William Williams,Male,27,San Antonio,,USA,Consumer
618,William Rodriguez,Female,32,Phoenix,AZ,USA,Consumer
11,John Smith,Female,56,Houston,TX,USA,Consumer
222,Emily Rodriguez,Male,50,houston,TX,USA,Consumer
821,Olivia Martinez,Other,55,San Diego,,USA,Consumer
297,Sophia Martinez,Male,32,San Antonio,TX,USA,Consumer
55,Sophia Martinez,Female,24,  Los Angeles  ,CA,USA,Home Office
543,Michael Garcia,Male,50,New York, NY ,USA,Corporate
210,James Johnson,Female,31,  Los Angeles  ,CA,USA,Corporate
605,Sophia Williams,Female,45,New York,ny,USA,Consumer
693,Robert Miller,Female,40,San Antonio,TX,USA,Consumer
663,Sophia Williams,Male,58,San Jose,CA,USA,Consumer
867,Robert Miller,Female,37,Chicago,IL,USA,Home Office
71,John Rodriguez,Female,62,San Jose,CA,USA,Corporate
544,Emily Johnson,Female,56,San Diego,CA,USA,Consumer
108,Olivia Martinez,Male,28,,az,USA,Consumer
494,Emily Williams,Female,22,San Diego,,USA,Consumer
591,William Williams,Male,46,,CA,USA,Consumer
742,John Jones,Male,21,Phoenix,AZ,USA,Corporate
293,Michael Davis,Male,63,San Jose, CA ,USA,Consumer
290,James Miller,Male,24,Phoenix,AZ,USA,Home Office
653,Robert Davis,Male,58,San Diego, CA ,USA,Consumer
40,Jane Miller,Other,31,chicago,,USA,Consumer
590,Sophia Brown,Female,31,Dallas,TX,USA,Consumer
308,Olivia Williams,Male,52,,AZ,USA,Consumer
