Product_ID,Product_Name,Category,Sub_Category,Brand
1,Ergonomic Charger Max,Home Goods, Kitchenware ,FashionForward
2,Wireless Charger Standard,Clothing,Apparel,TechGuru
3,Stylish Router Plus,Electronics,Laptops,HomeComfort
4,High-Performance Keyboard Mini,Electronics, Accessories ,StyleSpot
5,Ergonomic Router Mini,Home Goods,kitchenware,FashionForward
6,Portable Monitor Premium,Home Goods,Decor,BookWorm
7,Ergonomic Camera Pro,Electronics,accessories,TechGuru
8,Eco-Friendly Mouse Advanced,Office Supplies,Paper,Innovate
9,Smart Mouse Lite,Clothing,Accessories,OfficeMax
10,Wireless Mouse Ultra,Home Goods,Kitchenware,TechGuru
11,Wireless Speaker Max,Clothing,Apparel,HomeComfort
12,Digital Speaker Plus,Electronics, Smartphones ,HomeComfort
13,High-Performance Router Basic,Home Goods,Appliances,PaperWorks
14,High-Performance Camera Max,Books,Non-Fiction,Innovate
15,Compact Printer Pro,Clothing,Apparel,TechGuru
16,High-Performance Keyboard Standard,Books,Magazines,HomeComfort
17,Stylish Router Ultra,Home Goods,Bedding,Innovate
18,Digital Headphones Basic,Clothing,Footwear,ElectroGen
19,Wireless Camera Standard,Home Goods,Decor,TechGuru
20,Eco-Friendly Webcam Ultra,Books,Magazines,PaperWorks
21,Stylish Charger Pro,Clothing,Footwear,ElectroGen
22,High-Performance Monitor Basic,Clothing,Accessories,StyleSpot
23,Wireless Router Ultra,Clothing,Accessories,FashionForward
24,Digital Speaker Basic,Books,Textbooks,BookWorm
25,Wireless Printer Plus,Electronics,Wearables,BookWorm
26,Wireless Printer Plus,Books,Magazines,ElectroGen
27,Durable Headphones Lite,Office Supplies,Printers,TechGuru
28,Smart Router Lite,Books,Fiction,ElectroGen
29,Eco-Friendly Webcam Ultra,Electronics,Wearables,TechGuru
30,Compact Router Mini,Office Supplies,Furniture,StyleSpot
31,Stylish Headphones Pro,Office Supplies,Furniture,PaperWorks
32,Ergonomic Headphones Lite,Office Supplies,Printers,HomeComfort
33,Wireless Monitor Advanced,Electronics,accessories,OfficeMax
34,Digital Headphones Mini,Books,Non-Fiction,OfficeMax
35,Portable Monitor Advanced,Electronics,Wearables,StyleSpot
36,Smart Keyboard Plus,Home Goods,Decor,Innovate
37,Digital Camera Advanced,Clothing,Footwear,StyleSpot
38,Wireless Mouse Standard,Home Goods,Bedding,Innovate
39,Portable Camera Ultra,Office Supplies,Paper,TechGuru
40,Stylish Mouse Advanced,Office Supplies,Furniture,HomeComfort
41,Portable Charger Advanced,Electronics,Smartphones,ElectroGen
42,Stylish Camera Lite,Electronics,Accessories,TechGuru
43,Stylish Headphones Lite,Clothing,apparel,StyleSpot
44,Compact Keyboard Advanced,Home Goods,decor,TechGuru
45,Stylish Monitor Advanced,Electronics,Laptops,StyleSpot
46,Durable Printer Plus,Books,Magazines,BookWorm
47,High-Performance Headphones Advanced,Clothing,Footwear,Innovate
48,Ergonomic Charger Basic,Clothing,Footwear,Innovate
49,Wireless Keyboard Mini,Books,Textbooks,TechGuru
50,Wireless Router Basic,Office Supplies,Paper,StyleSpot
51,High-Performance Printer Lite,Office Supplies,Pens,BookWorm
52,Eco-Friendly Monitor Pro,Books,Textbooks,ElectroGen
53,Compact Router Lite,Clothing, Footwear ,PaperWorks
54,Wireless Speaker Advanced,Electronics,smartphones,Innovate
55,Smart Keyboard Basic,Office Supplies,Printers,BookWorm
56,Ergonomic Webcam Basic,Books,fiction,TechGuru
57,Portable Monitor Max,Office Supplies,Pens,Innovate
58,Digital Charger Premium,Clothing,Apparel,PaperWorks
59,Durable Camera Mini,Home Goods,Appliances,TechGuru
60,High-Performance Monitor Ultra,Books,Fiction,OfficeMax
61,Compact Charger Ultra,Home Goods,decor,BookWorm
62,Wireless Headphones Plus,Books,Magazines,OfficeMax
63,Wireless Camera Basic,Electronics,Accessories,FashionForward
64,Smart Speaker Advanced,Electronics,wearables,StyleSpot
65,Compact Charger Pro,Home Goods,kitchenware,PaperWorks
66,Portable Camera Pro,Office Supplies,Furniture,Innovate
67,Digital Monitor Standard,Electronics,Smartphones,TechGuru
68,Smart Camera Standard,Home Goods,Kitchenware,Innovate
69,Stylish Webcam Max,Home Goods,Bedding,PaperWorks
70,High-Performance Mouse Premium,Clothing,Footwear,StyleSpot
71,Smart Mouse Mini,Office Supplies, Printers ,PaperWorks
72,Smart Keyboard Premium,Home Goods,Kitchenware,HomeComfort
73,Digital Camera Lite,Books,Non-Fiction,StyleSpot
74,Eco-Friendly Webcam Standard,Electronics,Smartphones,TechGuru
75,Smart Printer Basic,Books,Fiction,ElectroGen
76,Portable Mouse Basic,Electronics,Laptops,HomeComfort
77,Stylish Camera Plus,Books,Non-Fiction,FashionForward
78,Eco-Friendly Headphones Lite,Books,textbooks,HomeComfort
79,Eco-Friendly Headphones Basic,Electronics,Laptops,BookWorm
80,Stylish Webcam Pro,Home Goods,decor,PaperWorks
81,High-Performance Webcam Advanced,Home Goods,Kitchenware,OfficeMax
82,Digital Webcam Pro,Books,Non-Fiction,TechGuru
83,Portable Headphones Max,Office Supplies,Pens,BookWorm
84,Smart Camera Pro,Office Supplies,Furniture,ElectroGen
85,Durable Keyboard Max,Electronics,Smartphones,Innovate
86,Durable Webcam Ultra,Books,Fiction,FashionForward
87,Durable Monitor Advanced,Electronics,Laptops,PaperWorks
88,Durable Keyboard Premium,Books,Fiction,StyleSpot
89,Wireless Printer Lite,Electronics,Wearables,Innovate
90,Ergonomic Webcam Mini,Clothing,Apparel,BookWorm
91,Durable Router Advanced,Office Supplies,Printers,ElectroGen
92,Compact Keyboard Max,Electronics,Accessories,FashionForward
93,Portable Speaker Plus,Electronics,Wearables,Innovate
94,Smart Speaker Advanced,Office Supplies,Printers,OfficeMax
95,Ergonomic Charger Premium,Home Goods,Bedding,Innovate
96,Durable Charger Premium,Electronics,Wearables,TechGuru
97,Compact Mouse Advanced,Home Goods,Bedding,OfficeMax
98,Wireless Charger Standard,Clothing,Apparel,StyleSpot
99,Digital Monitor Max,Clothing,Accessories,OfficeMax
100,Stylish Monitor Lite,Home Goods, Appliances ,PaperWorks
101,Portable Charger Advanced,Home Goods,Kitchenware,OfficeMax
102,Durable Printer Standard,Office Supplies,pens,TechGuru
103,Stylish Keyboard Plus,Office Supplies,Furniture,HomeComfort
104,High-Performance Webcam Lite,Electronics,Smartphones,HomeComfort
105,Digital Headphones Max,Books,Textbooks,FashionForward
106,Wireless Headphones Mini,Clothing,Apparel,Innovate
107,Digital Speaker Lite,Office Supplies,Pens,StyleSpot
108,Smart Keyboard Premium,Home Goods,Kitchenware,ElectroGen
109,Digital Webcam Ultra,Books,magazines,FashionForward
110,Portable Speaker Basic,Books,Magazines,OfficeMax
111,Digital Router Lite,Clothing,Accessories,OfficeMax
112,Smart Monitor Max,Books,Non-Fiction,OfficeMax
113,Eco-Friendly Keyboard Ultra,Office Supplies, Printers ,HomeComfort
114,Ergonomic Keyboard Mini,Electronics,Wearables,PaperWorks
115,Wireless Charger Pro,Books,Magazines,ElectroGen
116,Compact Camera Standard,Home Goods,Kitchenware,BookWorm
117,Digital Mouse Mini,Clothing,Footwear,BookWorm
118,Portable Speaker Ultra,Home Goods,Appliances,BookWorm
119,Eco-Friendly Charger Lite,Electronics,Accessories,OfficeMax
120,High-Performance Headphones Plus,Clothing,Footwear,FashionForward
121,Ergonomic Speaker Lite,Clothing,Apparel,ElectroGen
122,Smart Mouse Basic,Office Supplies,Paper,Innovate
123,Ergonomic Camera Advanced,Home Goods,Bedding,OfficeMax
124,Ergonomic Monitor Lite,Office Supplies,Paper,StyleSpot
125,Durable Printer Standard,Clothing, Footwear ,HomeComfort
126,Stylish Printer Ultra,Books,Fiction,BookWorm
127,Stylish Router Premium,Electronics,Laptops,ElectroGen
128,Eco-Friendly Charger Premium,Clothing,Footwear,TechGuru
129,Smart Keyboard Pro,Home Goods,Decor,ElectroGen
130,Ergonomic Mouse Lite,Books,Magazines,TechGuru
131,Wireless Webcam Standard,Home Goods, Bedding ,Innovate
132,Durable Keyboard Plus,Electronics,Laptops,BookWorm
133,High-Performance Keyboard Lite,Electronics,wearables,FashionForward
134,Stylish Speaker Premium,Clothing,Footwear,PaperWorks
135,Eco-Friendly Keyboard Pro,Electronics,Wearables,ElectroGen
136,Durable Router Basic,Electronics,Smartphones,ElectroGen
137,Portable Monitor Max,Books,Non-Fiction,TechGuru
138,Compact Printer Plus,Office Supplies,Furniture,TechGuru
139,Eco-Friendly Speaker Mini,Electronics, Smartphones ,HomeComfort
140,Stylish Speaker Premium,Books,Non-Fiction,OfficeMax
141,Compact Printer Standard,Home Goods,appliances,PaperWorks
142,Compact Mouse Advanced,Electronics,Accessories,BookWorm
143,Smart Headphones Advanced,Books, Magazines ,OfficeMax
144,Ergonomic Charger Advanced,Books,non-fiction,OfficeMax
145,Smart Webcam Basic,Home Goods,Bedding,FashionForward
146,Wireless Printer Lite,Office Supplies,Pens,BookWorm
147,Compact Speaker Advanced,Office Supplies,Furniture,FashionForward
148,High-Performance Keyboard Premium,Clothing,footwear,BookWorm
149,Stylish Webcam Max,Electronics,Smartphones,HomeComfort
150,Smart Charger Advanced,Books,Magazines,PaperWorks
151,Ergonomic Mouse Pro,Clothing, Apparel ,StyleSpot
152,Durable Charger Premium,Books,Non-Fiction,BookWorm
153,Ergonomic Keyboard Ultra,Electronics,Wearables,OfficeMax
154,Stylish Monitor Premium,Books,Non-Fiction,TechGuru
155,Eco-Friendly Camera Basic,Home Goods,Kitchenware,PaperWorks
156,Digital Charger Pro,Clothing,Accessories,ElectroGen
157,Digital Printer Basic,Electronics,smartphones,HomeComfort
158,Stylish Monitor Lite,Office Supplies, Furniture ,StyleSpot
159,Stylish Monitor Ultra,Home Goods,Decor,ElectroGen
160,Portable Router Premium,Electronics,wearables,PaperWorks
161,Compact Webcam Advanced,Clothing,Footwear,Innovate
162,Eco-Friendly Keyboard Mini,Clothing,Apparel,TechGuru
163,Digital Camera Mini,Electronics,Accessories,HomeComfort
164,Smart Router Lite,Books,Fiction,ElectroGen
165,Portable Mouse Premium,Clothing,Accessories,StyleSpot
166,High-Performance Camera Max,Electronics,accessories,FashionForward
167,Wireless Router Max,Books,Textbooks,BookWorm
168,Smart Mouse Standard,Home Goods,Kitchenware,PaperWorks
169,Wireless Printer Basic,Home Goods,Bedding,HomeComfort
170,Portable Printer Max,Clothing,Apparel,PaperWorks
171,Ergonomic Mouse Plus,Home Goods,Appliances,OfficeMax
172,Stylish Headphones Premium,Home Goods,Appliances,StyleSpot
173,High-Performance Webcam Lite,Home Goods,Kitchenware,PaperWorks
174,Stylish Camera Basic,Electronics, Laptops ,BookWorm
175,Smart Camera Pro,Home Goods,Decor,ElectroGen
176,Wireless Router Max,Clothing,Apparel,TechGuru
177,Durable Keyboard Mini,Books,Non-Fiction,HomeComfort
178,Smart Camera Basic,Electronics,Accessories,OfficeMax
179,Smart Router Standard,Electronics, Accessories ,BookWorm
180,Eco-Friendly Keyboard Mini,Office Supplies,Furniture,OfficeMax
181,Compact Keyboard Mini,Books,Textbooks,HomeComfort
182,Ergonomic Speaker Pro,Electronics,Laptops,PaperWorks
183,Wireless Camera Basic,Home Goods,Decor,BookWorm
184,Durable Router Basic,Clothing,Accessories,Innovate
185,Eco-Friendly Speaker Basic,Office Supplies, Pens ,OfficeMax
186,Ergonomic Camera Mini,Office Supplies, Printers ,TechGuru
187,Smart Keyboard Standard,Home Goods,Appliances,FashionForward
188,Digital Router Ultra,Office Supplies,Pens,TechGuru
189,Digital Keyboard Pro,Books,Fiction,TechGuru
190,Stylish Webcam Pro,Office Supplies,Furniture,FashionForward
191,Digital Monitor Plus,Clothing,Accessories,ElectroGen
192,Durable Webcam Basic,Electronics,Laptops,OfficeMax
193,Wireless Mouse Ultra,Clothing,footwear,FashionForward
194,Digital Headphones Advanced,Electronics,Smartphones,BookWorm
195,Portable Headphones Mini,Books, Non-Fiction ,HomeComfort
196,Wireless Charger Lite,Electronics,Wearables,HomeComfort
197,Digital Printer Premium,Books,Textbooks,Innovate
198,Stylish Keyboard Advanced,Books,Non-Fiction,BookWorm
199,Smart Mouse Plus,Office Supplies,Paper,Innovate
200,Compact Router Premium,Office Supplies, Printers ,HomeComfort
201,Compact Keyboard Ultra,Clothing, Accessories ,HomeComfort
202,High-Performance Speaker Basic,Books,Fiction,PaperWorks
203,Stylish Monitor Ultra,Clothing,Accessories,OfficeMax
204,Durable Printer Lite,Home Goods,Appliances,OfficeMax
205,Portable Router Mini,Clothing,Footwear,TechGuru
206,Digital Monitor Advanced,Home Goods,Appliances,OfficeMax
207,Smart Monitor Ultra,Electronics,Accessories,OfficeMax
208,Wireless Charger Advanced,Clothing,Footwear,StyleSpot
209,High-Performance Keyboard Pro,Office Supplies, Paper ,FashionForward
210,High-Performance Router Premium,Home Goods,Kitchenware,ElectroGen
211,Digital Mouse Premium,Books,Magazines,TechGuru
212,Stylish Router Basic,Books,Textbooks,ElectroGen
213,Digital Speaker Mini,Books,magazines,BookWorm
214,Eco-Friendly Monitor Ultra,Clothing,Footwear,HomeComfort
215,High-Performance Monitor Advanced,Electronics,accessories,ElectroGen
216,Stylish Router Pro,Home Goods, Kitchenware ,TechGuru
217,Durable Keyboard Advanced,Clothing,Apparel,StyleSpot
218,Durable Monitor Premium,Books, Magazines ,ElectroGen
219,Ergonomic Mouse Mini,Books,Fiction,Innovate
220,Eco-Friendly Headphones Advanced,Electronics,Smartphones,ElectroGen
221,Stylish Mouse Basic,Electronics,Accessories,OfficeMax
222,Durable Monitor Max,Office Supplies,Furniture,HomeComfort
223,Durable Speaker Pro,Office Supplies,Pens,OfficeMax
224,Digital Camera Mini,Office Supplies,Furniture,FashionForward
225,Wireless Camera Premium,Office Supplies,Furniture,FashionForward
226,Eco-Friendly Mouse Mini,Books,Textbooks,TechGuru
227,Compact Monitor Ultra,Office Supplies,Furniture,Innovate
228,Digital Keyboard Plus,Home Goods,Decor,FashionForward
229,High-Performance Printer Mini,Books, Magazines ,Innovate
230,Ergonomic Mouse Ultra,Clothing,Apparel,TechGuru
231,High-Performance Speaker Advanced,Home Goods,Bedding,HomeComfort
232,Smart Printer Lite,Clothing,Apparel,PaperWorks
233,Compact Printer Advanced,Electronics,Smartphones,TechGuru
234,High-Performance Monitor Pro,Clothing, Apparel ,HomeComfort
235,Wireless Monitor Max,Clothing,Footwear,Innovate
236,Ergonomic Camera Premium,Books,Non-Fiction,Innovate
237,Ergonomic Mouse Ultra,Home Goods,Bedding,StyleSpot
238,Digital Router Advanced,Home Goods,Decor,OfficeMax
239,Stylish Router Basic,Electronics,Smartphones,FashionForward
240,Smart Charger Pro,Office Supplies,Pens,BookWorm
241,Digital Charger Mini,Books,Magazines,PaperWorks
242,Ergonomic Speaker Basic,Home Goods,Decor,ElectroGen
243,Wireless Printer Plus,Electronics,Smartphones,StyleSpot
244,Wireless Speaker Lite,Home Goods,Kitchenware,FashionForward
245,High-Performance Headphones Mini,Books,fiction,PaperWorks
246,High-Performance Webcam Advanced,Home Goods, Bedding ,ElectroGen
247,Ergonomic Headphones Premium,Office Supplies,Furniture,FashionForward
248,High-Performance Headphones Lite,Electronics,Smartphones,StyleSpot
249,Portable Headphones Plus,Electronics,Accessories,ElectroGen
250,Digital Monitor Plus,Home Goods,Appliances,FashionForward
251,High-Performance Printer Plus,Clothing, Footwear ,ElectroGen
252,Portable Webcam Advanced,Clothing,Accessories,Innovate
253,Wireless Keyboard Lite,Clothing,Footwear,StyleSpot
254,Smart Headphones Standard,Clothing,Footwear,OfficeMax
255,Smart Keyboard Plus,Home Goods,Bedding,HomeComfort
256,High-Performance Webcam Basic,Office Supplies,Paper,ElectroGen
257,Stylish Camera Standard,Electronics,Accessories,ElectroGen
258,Digital Router Max,Books,Magazines,FashionForward
259,Durable Mouse Standard,Clothing,Apparel,Innovate
260,Smart Charger Mini,Clothing,Apparel,ElectroGen
261,Eco-Friendly Printer Basic,Books,Non-Fiction,Innovate
262,Compact Monitor Basic,Office Supplies,pens,TechGuru
263,Smart Charger Max,Clothing,accessories,HomeComfort
264,Eco-Friendly Printer Premium,Electronics,Wearables,OfficeMax
265,Smart Printer Pro,Home Goods,Appliances,TechGuru
266,Portable Printer Lite,Clothing,Footwear,StyleSpot
267,High-Performance Camera Pro,Clothing, Footwear ,TechGuru
268,Compact Monitor Plus,Books,Fiction,BookWorm
269,Durable Speaker Max,Clothing,Footwear,TechGuru
270,Compact Charger Lite,Clothing,accessories,OfficeMax
271,Durable Router Basic,Books,Fiction,TechGuru
272,Ergonomic Mouse Basic,Electronics,Accessories,OfficeMax
273,High-Performance Mouse Max,Clothing,Accessories,TechGuru
274,Durable Camera Premium,Clothing,Accessories,OfficeMax
275,Durable Camera Plus,Electronics,Smartphones,ElectroGen
276,Stylish Router Plus,Office Supplies,Paper,TechGuru
277,High-Performance Charger Standard,Books,Magazines,OfficeMax
278,Ergonomic Keyboard Basic,Home Goods,Bedding,Innovate
279,Eco-Friendly Keyboard Lite,Clothing,footwear,BookWorm
280,Ergonomic Printer Premium,Books, Non-Fiction ,OfficeMax
281,Eco-Friendly Charger Standard,Books,Magazines,ElectroGen
282,Wireless Headphones Basic,Office Supplies,Pens,PaperWorks
283,Portable Webcam Premium,Home Goods,Bedding,BookWorm
284,Eco-Friendly Camera Mini,Books,Fiction,Innovate
285,Durable Monitor Pro,Books,Textbooks,StyleSpot
286,Wireless Speaker Premium,Home Goods,Appliances,ElectroGen
287,Smart Headphones Max,Electronics,Smartphones,TechGuru
288,High-Performance Monitor Basic,Books,Non-Fiction,TechGuru
289,Ergonomic Webcam Lite,Clothing,Accessories,FashionForward
290,Stylish Monitor Premium,Home Goods,Kitchenware,Innovate
291,Ergonomic Monitor Basic,Home Goods,Decor,PaperWorks
292,Digital Speaker Premium,Office Supplies,Paper,Innovate
293,Compact Headphones Ultra,Office Supplies,Paper,ElectroGen
294,Digital Printer Pro,Home Goods,Kitchenware,BookWorm
295,Digital Keyboard Mini,Electronics,Accessories,PaperWorks
296,Ergonomic Speaker Premium,Clothing, Accessories ,ElectroGen
297,Smart Router Standard,Clothing,Footwear,BookWorm
298,Portable Keyboard Pro,Electronics, Smartphones ,OfficeMax
299,Smart Headphones Lite,Home Goods,Decor,OfficeMax
300,Portable Router Plus,Home Goods,Decor,FashionForward
301,Ergonomic Headphones Pro,Books,Magazines,HomeComfort
302,Durable Router Lite,Office Supplies,Pens,Innovate
303,Eco-Friendly Webcam Advanced,Clothing,Accessories,Innovate
304,Durable Speaker Advanced,Home Goods,kitchenware,HomeComfort
305,Portable Printer Ultra,Office Supplies,Printers,BookWorm
306,Wireless Camera Mini,Office Supplies,Paper,BookWorm
307,Compact Monitor Mini,Electronics,Wearables,FashionForward
308,Ergonomic Speaker Max,Electronics,Laptops,PaperWorks
309,Durable Charger Lite,Office Supplies,Paper,Innovate
310,Compact Headphones Ultra,Home Goods,Bedding,BookWorm
311,Eco-Friendly Speaker Plus,Office Supplies, Paper ,BookWorm
312,Compact Router Standard,Home Goods,Bedding,PaperWorks
313,Portable Camera Premium,Home Goods,Kitchenware,ElectroGen
314,Ergonomic Monitor Standard,Clothing,Apparel,PaperWorks
315,Compact Speaker Standard,Clothing,Footwear,PaperWorks
316,Digital Monitor Plus,Clothing,Accessories,FashionForward
317,Eco-Friendly Speaker Mini,Clothing,Footwear,TechGuru
318,Wireless Monitor Advanced,Books,Fiction,PaperWorks
319,Compact Printer Max,Electronics,Wearables,Innovate
320,Ergonomic Keyboard Premium,Clothing,Footwear,FashionForward
321,Ergonomic Webcam Advanced,Clothing,Accessories,BookWorm
322,Ergonomic Headphones Max,Office Supplies,Pens,BookWorm
323,Eco-Friendly Camera Lite,Books,Non-Fiction,HomeComfort
324,High-Performance Headphones Ultra,Books,Non-Fiction,OfficeMax
325,Compact Camera Max,Clothing,Footwear,FashionForward
326,Stylish Speaker Premium,Home Goods,Appliances,FashionForward
327,Ergonomic Camera Standard,Electronics,Wearables,FashionForward
328,Compact Monitor Pro,Office Supplies,Furniture,BookWorm
329,Wireless Headphones Premium,Electronics,Smartphones,ElectroGen
330,Ergonomic Printer Lite,Clothing,Footwear,FashionForward
331,Eco-Friendly Mouse Lite,Electronics,Wearables,Innovate
332,High-Performance Webcam Pro,Books,Textbooks,FashionForward
333,Durable Keyboard Lite,Electronics,Smartphones,Innovate
334,Digital Headphones Basic,Electronics,Laptops,TechGuru
335,Eco-Friendly Headphones Max,Office Supplies,Pens,FashionForward
336,Digital Keyboard Ultra,Office Supplies,Printers,StyleSpot
337,Smart Charger Pro,Electronics,Accessories,OfficeMax
338,Digital Webcam Advanced,Books,Magazines,FashionForward
339,Portable Router Advanced,Office Supplies,Pens,OfficeMax
340,Portable Printer Pro,Office Supplies,Pens,FashionForward
341,Ergonomic Printer Max,Home Goods,Decor,BookWorm
342,Ergonomic Headphones Plus,Office Supplies,Furniture,TechGuru
343,Smart Mouse Lite,Home Goods, Bedding ,OfficeMax
344,High-Performance Monitor Plus,Home Goods,Decor,PaperWorks
345,High-Performance Monitor Advanced,Clothing,Footwear,StyleSpot
346,Digital Webcam Advanced,Home Goods, Bedding ,OfficeMax
347,Eco-Friendly Router Premium,Electronics, Accessories ,HomeComfort
348,Ergonomic Speaker Lite,Clothing,Footwear,Innovate
349,Compact Speaker Standard,Electronics,Smartphones,TechGuru
350,Stylish Webcam Premium,Clothing,Apparel,ElectroGen
351,Ergonomic Printer Ultra,Office Supplies,Paper,ElectroGen
352,Compact Mouse Plus,Electronics,Wearables,StyleSpot
353,Compact Headphones Ultra,Electronics,Laptops,PaperWorks
354,High-Performance Mouse Plus,Office Supplies,Furniture,Innovate
355,Stylish Speaker Mini,Office Supplies,Printers,HomeComfort
356,Wireless Keyboard Mini,Home Goods,Decor,ElectroGen
357,High-Performance Speaker Basic,Electronics,Accessories,Innovate
358,Compact Charger Max,Books,Fiction,BookWorm
359,Smart Printer Standard,Clothing, Footwear ,BookWorm
360,Eco-Friendly Speaker Standard,Electronics,Smartphones,Innovate
361,Ergonomic Charger Standard,Books,Non-Fiction,PaperWorks
362,Ergonomic Router Standard,Books,Textbooks,PaperWorks
363,Stylish Headphones Standard,Electronics, Smartphones ,ElectroGen
364,Wireless Keyboard Standard,Books,Fiction,OfficeMax
365,Eco-Friendly Printer Lite,Clothing,Apparel,StyleSpot
366,Wireless Router Plus,Clothing,Footwear,HomeComfort
367,Eco-Friendly Router Lite,Home Goods,Kitchenware,HomeComfort
368,Wireless Charger Ultra,Office Supplies,Paper,Innovate
369,Smart Mouse Basic,Electronics,Smartphones,HomeComfort
370,Smart Camera Plus,Books,Fiction,FashionForward
371,Stylish Speaker Pro,Clothing,Footwear,BookWorm
372,Portable Charger Plus,Electronics,Smartphones,ElectroGen
373,High-Performance Router Premium,Clothing,Accessories,FashionForward
374,Smart Webcam Premium,Electronics,Smartphones,TechGuru
375,Portable Keyboard Basic,Electronics,Accessories,FashionForward
376,Digital Charger Lite,Clothing, Apparel ,Innovate
377,High-Performance Router Advanced,Electronics,Accessories,BookWorm
378,Wireless Charger Standard,Electronics, Wearables ,FashionForward
379,Digital Headphones Basic,Books,Fiction,HomeComfort
380,Smart Printer Ultra,Books,Textbooks,TechGuru
381,Wireless Mouse Max,Home Goods,Kitchenware,StyleSpot
382,Ergonomic Router Basic,Electronics,Laptops,HomeComfort
383,Wireless Speaker Advanced,Home Goods,Decor,Innovate
384,Stylish Headphones Basic,Office Supplies,Paper,PaperWorks
385,Eco-Friendly Router Ultra,Office Supplies,pens,PaperWorks
386,Durable Headphones Mini,Clothing,Accessories,FashionForward
387,Digital Speaker Standard,Electronics,Laptops,FashionForward
388,Stylish Speaker Plus,Electronics,Accessories,FashionForward
389,Compact Monitor Standard,Home Goods,Decor,OfficeMax
390,Stylish Router Advanced,Books,Textbooks,HomeComfort
391,Digital Charger Basic,Home Goods,Appliances,OfficeMax
392,Eco-Friendly Router Plus,Home Goods,Bedding,StyleSpot
393,Portable Camera Plus,Books, Non-Fiction ,ElectroGen
394,Wireless Speaker Premium,Office Supplies,Paper,HomeComfort
395,High-Performance Router Basic,Home Goods,Bedding,OfficeMax
396,Wireless Router Premium,Clothing,Apparel,OfficeMax
397,Eco-Friendly Camera Ultra,Electronics,Smartphones,FashionForward
398,Eco-Friendly Keyboard Ultra,Clothing,Accessories,BookWorm
399,Stylish Camera Mini,Books,Non-Fiction,StyleSpot
400,High-Performance Charger Plus,Home Goods,Bedding,OfficeMax
401,Smart Router Basic,Books,Textbooks,PaperWorks
402,Compact Camera Standard,Clothing,Footwear,Innovate
403,Stylish Headphones Plus,Home Goods,Appliances,FashionForward
404,Smart Headphones Lite,Books,Textbooks,StyleSpot
405,Compact Speaker Lite,Books,Textbooks,OfficeMax
406,Ergonomic Charger Lite,Clothing, Footwear ,ElectroGen
407,Ergonomic Printer Advanced,Clothing,Footwear,Innovate
408,Ergonomic Mouse Ultra,Electronics,Wearables,FashionForward
409,Smart Router Pro,Clothing,Accessories,FashionForward
410,Digital Speaker Pro,Office Supplies,Printers,BookWorm
411,High-Performance Mouse Premium,Home Goods,Appliances,TechGuru
412,Smart Webcam Mini,Clothing,footwear,OfficeMax
413,Smart Router Standard,Clothing,Accessories,ElectroGen
414,Eco-Friendly Mouse Pro,Electronics,Accessories,HomeComfort
415,Durable Keyboard Pro,Books,Fiction,ElectroGen
416,Compact Speaker Premium,Home Goods,Decor,FashionForward
417,Eco-Friendly Speaker Mini,Books, Fiction ,Innovate
418,Ergonomic Charger Advanced,Office Supplies, Pens ,TechGuru
419,Durable Keyboard Lite,Home Goods, Decor ,BookWorm
420,Stylish Keyboard Plus,Electronics,Laptops,TechGuru
421,Ergonomic Charger Premium,Home Goods,Kitchenware,OfficeMax
422,Durable Speaker Premium,Books, Magazines ,PaperWorks
423,High-Performance Charger Standard,Electronics,Smartphones,FashionForward
424,Durable Speaker Plus,Books,Magazines,BookWorm
425,Stylish Camera Plus,Office Supplies,Furniture,BookWorm
426,High-Performance Monitor Mini,Electronics, Wearables ,FashionForward
427,Durable Camera Advanced,Home Goods,Decor,PaperWorks
428,Durable Camera Lite,Electronics,Wearables,PaperWorks
429,Stylish Router Basic,Office Supplies,Pens,FashionForward
430,Compact Router Lite,Electronics, Wearables ,PaperWorks
431,Wireless Printer Advanced,Office Supplies,pens,ElectroGen
432,Stylish Router Max,Office Supplies,Paper,BookWorm
433,Portable Keyboard Basic,Clothing,Apparel,PaperWorks
434,High-Performance Printer Lite,Office Supplies,Pens,ElectroGen
435,Eco-Friendly Mouse Pro,Office Supplies,Printers,FashionForward
436,Wireless Printer Advanced,Electronics,Accessories,HomeComfort
437,Eco-Friendly Printer Mini,Office Supplies,Paper,PaperWorks
438,Wireless Headphones Advanced,Books,Textbooks,ElectroGen
439,Smart Monitor Lite,Electronics,Smartphones,ElectroGen
440,Durable Webcam Mini,Home Goods,Appliances,BookWorm
441,Portable Keyboard Premium,Electronics,Wearables,StyleSpot
442,Smart Keyboard Plus,Home Goods,Decor,FashionForward
443,Durable Camera Basic,Office Supplies,Printers,ElectroGen
444,Durable Mouse Basic,Home Goods,Kitchenware,TechGuru
445,Portable Monitor Ultra,Home Goods,bedding,PaperWorks
446,Portable Monitor Mini,Office Supplies,paper,BookWorm
447,High-Performance Printer Ultra,Home Goods,Bedding,OfficeMax
448,Digital Printer Premium,Electronics,Laptops,TechGuru
449,Wireless Printer Basic,Books,Magazines,Innovate
450,Digital Camera Max,Clothing,accessories,FashionForward
451,Compact Charger Basic,Office Supplies, Printers ,Innovate
452,Compact Monitor Ultra,Clothing,Apparel,BookWorm
453,Portable Monitor Advanced,Home Goods,Decor,TechGuru
454,Wireless Speaker Lite,Clothing,Footwear,Innovate
455,Digital Printer Basic,Home Goods,Decor,OfficeMax
456,Durable Monitor Plus,Clothing,Accessories,StyleSpot
457,Wireless Monitor Pro,Home Goods,Decor,OfficeMax
458,Eco-Friendly Keyboard Premium,Clothing,Footwear,BookWorm
459,Wireless Webcam Lite,Home Goods,Bedding,OfficeMax
460,Durable Keyboard Max,Electronics,Smartphones,OfficeMax
461,Digital Headphones Advanced,Books, Textbooks ,BookWorm
462,Digital Camera Basic,Office Supplies,paper,BookWorm
463,Portable Camera Max,Office Supplies,Printers,FashionForward
464,Compact Router Max,Home Goods, Appliances ,ElectroGen
465,Wireless Mouse Basic,Books,Textbooks,OfficeMax
466,Portable Monitor Max,Books,fiction,Innovate
467,Stylish Speaker Lite,Clothing,Footwear,FashionForward
468,Ergonomic Speaker Basic,Home Goods,Kitchenware,HomeComfort
469,Portable Speaker Mini,Electronics,smartphones,StyleSpot
470,Digital Headphones Pro,Office Supplies,paper,BookWorm
471,Digital Headphones Plus,Clothing,Accessories,Innovate
472,Compact Charger Standard,Home Goods,Appliances,OfficeMax
473,Portable Printer Ultra,Clothing,Footwear,ElectroGen
474,Smart Charger Max,Clothing,apparel,PaperWorks
475,Durable Charger Standard,Office Supplies,paper,TechGuru
476,Ergonomic Webcam Lite,Clothing,Apparel,ElectroGen
477,Portable Printer Pro,Books,Fiction,Innovate
478,Stylish Router Premium,Clothing,Accessories,BookWorm
479,High-Performance Webcam Lite,Electronics,Accessories,TechGuru
480,Compact Router Lite,Clothing,Apparel,TechGuru
481,Eco-Friendly Charger Pro,Books,Non-Fiction,Innovate
482,Compact Keyboard Advanced,Books,Magazines,HomeComfort
483,Durable Mouse Ultra,Clothing,Apparel,OfficeMax
484,Eco-Friendly Charger Mini,Electronics,Wearables,ElectroGen
485,Wireless Charger Standard,Home Goods, Appliances ,PaperWorks
486,Wireless Webcam Premium,Home Goods,Bedding,HomeComfort
487,High-Performance Mouse Ultra,Books,Fiction,OfficeMax
488,Digital Camera Ultra,Home Goods,Appliances,Innovate
489,Digital Speaker Plus,Home Goods,Appliances,StyleSpot
490,Durable Webcam Lite,Clothing,Footwear,TechGuru
491,Smart Headphones Mini,Clothing,Apparel,OfficeMax
492,Wireless Monitor Max,Clothing,footwear,OfficeMax
493,Ergonomic Printer Standard,Books,Fiction,FashionForward
494,Compact Webcam Pro,Books,Non-Fiction,ElectroGen
495,Digital Monitor Standard,Home Goods,Decor,BookWorm
496,Durable Charger Mini,Office Supplies,Furniture,ElectroGen
497,Wireless Camera Plus,Home Goods,Appliances,Innovate
498,High-Performance Mouse Premium,Home Goods,Appliances,FashionForward
499,Durable Printer Pro,Books,Textbooks,ElectroGen
500,Compact Mouse Plus,Clothing,apparel,PaperWorks
362,Ergonomic Router Standard,Books,Textbooks,PaperWorks
74,Eco-Friendly Webcam Standard,Electronics,Smartphones,TechGuru
375,Portable Keyboard Basic,Electronics,Accessories,FashionForward
156,Digital Charger Pro,Clothing,Accessories,ElectroGen
105,Digital Headphones Max,Books,Textbooks,FashionForward
395,High-Performance Router Basic,Home Goods,Bedding,OfficeMax
378,Wireless Charger Standard,Electronics, Wearables ,FashionForward
125,Durable Printer Standard,Clothing, Footwear ,HomeComfort
69,Stylish Webcam Max,Home Goods,Bedding,PaperWorks
451,Compact Charger Basic,Office Supplies, Printers ,Innovate
10,Wireless Mouse Ultra,Home Goods,Kitchenware,TechGuru
195,Portable Headphones Mini,Books, Non-Fiction ,HomeComfort
407,Ergonomic Printer Advanced,Clothing,Footwear,Innovate
85,Durable Keyboard Max,Electronics,Smartphones,Innovate
372,Portable Charger Plus,Electronics,Smartphones,ElectroGen
389,Compact Monitor Standard,Home Goods,Decor,OfficeMax
496,Durable Charger Mini,Office Supplies,Furniture,ElectroGen
31,Stylish Headphones Pro,Office Supplies,Furniture,PaperWorks
317,Eco-Friendly Speaker Mini,Clothing,Footwear,TechGuru
409,Smart Router Pro,Clothing,Accessories,FashionForward
491,Smart Headphones Mini,Clothing,Apparel,OfficeMax
492,Wireless Monitor Max,Clothing,footwear,OfficeMax
281,Eco-Friendly Charger Standard,Books,Magazines,ElectroGen
357,High-Performance Speaker Basic,Electronics,Accessories,Innovate
77,Stylish Camera Plus,Books,Non-Fiction,FashionForward
